19870280	/scratch/cgsb/gencore/out/Birnbaum/2016-08-03_C841RACXX
29064268	/scratch/cgsb/gencore/out/Birnbaum/2018-04-18_HVJG3BGX5
72798272	/scratch/cgsb/gencore/out/Birnbaum/2018-11-20_HG77GBGX9
96352	/scratch/cgsb/gencore/out/Birnbaum/2018-03-23_HJNFCBGX5
12424392	/scratch/cgsb/gencore/out/Birnbaum/2018-05-17_HHLNVBCX2
20695448	/scratch/cgsb/gencore/out/Birnbaum/2012-10-08_D1FD0ACXX
54912444	/scratch/cgsb/gencore/out/Birnbaum/2018-05-04_HLNNTBGX5
1999884	/scratch/cgsb/gencore/out/Birnbaum/2014-07-02_A8P38
24	/scratch/cgsb/gencore/out/Birnbaum/2012-08-20_C166UACXX
9587864	/scratch/cgsb/gencore/out/Birnbaum/2013-02-21_D1UBYACXX
16353120	/scratch/cgsb/gencore/out/Birnbaum/2018-06-15_HVJJYBGX5
16917024	/scratch/cgsb/gencore/out/Birnbaum/2019-06-03_HKCHVBGXB
7286472	/scratch/cgsb/gencore/out/Birnbaum/2018-05-29_H2KH2AFXY
38256304	/scratch/cgsb/gencore/out/Birnbaum/2019-03-28_H5VJGBGXB
8715168	/scratch/cgsb/gencore/out/Birnbaum/2016_02_11_H23LNBCXX
3588912	/scratch/cgsb/gencore/out/Birnbaum/2016-06-28_HTC23BCXX
34733104	/scratch/cgsb/gencore/out/Birnbaum/2019-05-29_HGWV2BGXB
16	/scratch/cgsb/gencore/out/Birnbaum/2012-06-18_C101NACXX
98590064	/scratch/cgsb/gencore/out/Birnbaum/2018-11-21_HFJMNBGX9
22558832	/scratch/cgsb/gencore/out/Birnbaum/2018-01-31_H2K5YBGX5
9562024	/scratch/cgsb/gencore/out/Birnbaum/2015-05-04_H23V3BCXX
8	/scratch/cgsb/gencore/out/Birnbaum/2013-07-09_H14WPADXX
18387376	/scratch/cgsb/gencore/out/Birnbaum/2017-11-01_HMMGYBGX3
20	/scratch/cgsb/gencore/out/Birnbaum/2012-07-30_D17R8ACXX
25333912	/scratch/cgsb/gencore/out/Birnbaum/2018-02-09_H2LMFBGX5
12231496	/scratch/cgsb/gencore/out/Birnbaum/2018-08-03_H3VL5AFXY
28329116	/scratch/cgsb/gencore/out/Birnbaum/2018-04-30_H2T2LBGX5
61116768	/scratch/cgsb/gencore/out/Birnbaum/2018-05-22_H5CHJBGX7
15087408	/scratch/cgsb/gencore/out/Birnbaum/2013-12-17_C2R9TACXX
17862136	/scratch/cgsb/gencore/out/Birnbaum/2018-11-27_HG7FTBGX9
45498728	/scratch/cgsb/gencore/out/Birnbaum/2019-02-19_HY5VMBGX9
80691276	/scratch/cgsb/gencore/out/Birnbaum/2019-03-28_H5Y5CBGXB
29027544	/scratch/cgsb/gencore/out/Birnbaum/2013-09-10_H7D37ADXX
12368720	/scratch/cgsb/gencore/out/Birnbaum/2018-09-10_H55FTAFXY
467376	/scratch/cgsb/gencore/out/Birnbaum/2015_02_11_H23LNBCXX
12	/scratch/cgsb/gencore/out/Birnbaum/2013-02-25_H7KC5ADXX
10854744	/scratch/cgsb/gencore/out/Birnbaum/2019-04-22_HK75YAFXY
835266912	/scratch/cgsb/gencore/out/Birnbaum
1113008	/scratch/cgsb/gencore/out/Sanjana/2019-02-04_BMH7K
24863904	/scratch/cgsb/gencore/out/Sanjana/2018-09-25_HMT73BGX7
7699724	/scratch/cgsb/gencore/out/Sanjana/2019-01-30_HFY7MAFXY
1110196	/scratch/cgsb/gencore/out/Sanjana/2019-03-22_BNL8M
12704524	/scratch/cgsb/gencore/out/Sanjana/2018-07-02_HWLKJBGX5
20484628	/scratch/cgsb/gencore/out/Sanjana/2018-11-05_HFKMCBGX9
7394520	/scratch/cgsb/gencore/out/Sanjana/2019-04-12_HJW27AFXY
23209856	/scratch/cgsb/gencore/out/Sanjana/2018-11-21_HG7FNBGX9
21814804	/scratch/cgsb/gencore/out/Sanjana/2018-06-29_H3K23BGX7
3255820	/scratch/cgsb/gencore/out/Sanjana/2018-09-26_H3WJ3AFXY
3221588	/scratch/cgsb/gencore/out/Sanjana/2019-02-12_HFYKYAFXY
5951580	/scratch/cgsb/gencore/out/Sanjana/2018-08-06_HGKMWBGX7
132824156	/scratch/cgsb/gencore/out/Sanjana
12899880	/scratch/cgsb/gencore/out/Eichenberger/2017-12-08_HVKTVAFXX
2177328	/scratch/cgsb/gencore/out/Eichenberger/2017-07-26_B5WD2
12572144	/scratch/cgsb/gencore/out/Eichenberger/2018-06-01_H3WGNAFXY
11244104	/scratch/cgsb/gencore/out/Eichenberger/2018-12-12_H5K5JAFXY
1280208	/scratch/cgsb/gencore/out/Eichenberger/2017-04-05_AUWYC
16661244	/scratch/cgsb/gencore/out/Eichenberger/2019-04-04_HJWCLAFXY
14806008	/scratch/cgsb/gencore/out/Eichenberger/2018-09-21_H3WNHAFXY
33608916	/scratch/cgsb/gencore/out/Eichenberger/2019-05-21_HLL2YAFXY
1531620	/scratch/cgsb/gencore/out/Eichenberger/2017-06-06_AV71Y
106781456	/scratch/cgsb/gencore/out/Eichenberger
14628376	/scratch/cgsb/gencore/out/Smith/2017-08-21_HGGK5BGX3
8	/scratch/cgsb/gencore/out/Smith/2014-03-12_C3RDGACXX
9767468	/scratch/cgsb/gencore/out/Smith/2018-03-27_HVHNYAFXX
14872248	/scratch/cgsb/gencore/out/Smith/2015-10-30_H7MT5BCXX
10882660	/scratch/cgsb/gencore/out/Smith/2018-08-10_H3YJ2AFXY
5481528	/scratch/cgsb/gencore/out/Smith/2017-07-17_HMMNMAFXX
12	/scratch/cgsb/gencore/out/Smith/2014-12-19_HAMMWADXX
6883440	/scratch/cgsb/gencore/out/Smith/2016-11-07_HFNNLAFXX
4324520	/scratch/cgsb/gencore/out/Smith/2018-12-17_H5JYVAFXY
6366344	/scratch/cgsb/gencore/out/Smith/2015-08-06_H5C72BCXX
8824848	/scratch/cgsb/gencore/out/Smith/2018-05-25_H2JY7AFXY
16079872	/scratch/cgsb/gencore/out/Smith/2016-06-06_HJ5TCBCXX
12491048	/scratch/cgsb/gencore/out/Smith/2019-03-29_HJWCGAFXY
2312	/scratch/cgsb/gencore/out/Smith/2016-06-01_C8CR7ACXX
12640096	/scratch/cgsb/gencore/out/Smith/2018-05-25_H3HF7AFXY
1381652	/scratch/cgsb/gencore/out/Smith/2019-04-25_HKLVVAFXY
17245024	/scratch/cgsb/gencore/out/Smith/2017-03-13_HYFH2BGXY
14548868	/scratch/cgsb/gencore/out/Smith/2018-12-18_H7K2KAFXY
4240824	/scratch/cgsb/gencore/out/Smith/2015-04-07_HJT3VADXX
3951720	/scratch/cgsb/gencore/out/Smith/2016-07-11_HFCJ7BCXX
9543180	/scratch/cgsb/gencore/out/Smith/2015-04-17_H3NH5BCXX
44811948	/scratch/cgsb/gencore/out/Smith/2017-12-18_H5TH7BCX2
8645372	/scratch/cgsb/gencore/out/Smith/2018-03-28_HVH3LAFXX
771284	/scratch/cgsb/gencore/out/Smith/2019-04-25_HKMVWAFXY
13482032	/scratch/cgsb/gencore/out/Smith/2018-11-28_H53MJAFXY
13905988	/scratch/cgsb/gencore/out/Smith/2018-01-09_HFG2NBGX5
13164024	/scratch/cgsb/gencore/out/Smith/2018-05-29_H2HLVAFXY
4778472	/scratch/cgsb/gencore/out/Smith/2015-07-21_HBB8TADXX
14114156	/scratch/cgsb/gencore/out/Smith/2018-06-18_H3YTNAFXY
11955824	/scratch/cgsb/gencore/out/Smith/2015-04-07_HCNNTADXX
5202112	/scratch/cgsb/gencore/out/Smith/2017-01-25_HH2KGAFXX
3032984	/scratch/cgsb/gencore/out/Smith/2015-10-23_HK5NHBGXX
5395880	/scratch/cgsb/gencore/out/Smith/2016-09-29_HLMNCBGXY
20978696	/scratch/cgsb/gencore/out/Smith/2017-07-07_HKHNTBCXY
10727696	/scratch/cgsb/gencore/out/Smith/2017-09-08_HNJJKAFXX
10600216	/scratch/cgsb/gencore/out/Smith/2016-04-19_HJ533BCXX
13421636	/scratch/cgsb/gencore/out/Smith/HGH7MBCXX
12181684	/scratch/cgsb/gencore/out/Smith/2019-03-01_HGWHWAFXY
381326056	/scratch/cgsb/gencore/out/Smith
20	/scratch/cgsb/gencore/out/Small/2012-04-09_C0N5MACXX
2700	/scratch/cgsb/gencore/out/Small/2018-06-12_HW2TVBGX5
14897632	/scratch/cgsb/gencore/out/Small/2018-06-13_HJV3MBCX2
8	/scratch/cgsb/gencore/out/Small/2013-09-10_H79WBADXX
20	/scratch/cgsb/gencore/out/Small/2014-05-01_C2R7RACXX
20	/scratch/cgsb/gencore/out/Small/2012-04-13_D0WRWACXX
20	/scratch/cgsb/gencore/out/Small/2013-09-25_D27GPACXX
14900424	/scratch/cgsb/gencore/out/Small
7806704	/scratch/cgsb/gencore/out/BioClasses/2015-11-13_AKDB2
3718732	/scratch/cgsb/gencore/out/BioClasses/2017-11-28_HVFKYAFXX
10864056	/scratch/cgsb/gencore/out/BioClasses/2018-11-20_HFKYCBGX9
4199556	/scratch/cgsb/gencore/out/BioClasses/2016-11-14_AP3MR
233324	/scratch/cgsb/gencore/out/BioClasses/R_2016_09_28_15_48_56_user_SN2-55-Genetics_and_Genomics_Class_2016
11637424	/scratch/cgsb/gencore/out/BioClasses/2018-11-26_HG2CCAFXY
241812	/scratch/cgsb/gencore/out/BioClasses/2018-11-13_BPJBB
168312	/scratch/cgsb/gencore/out/BioClasses/2015-11-16_BA0097349
4401040	/scratch/cgsb/gencore/out/BioClasses/2017-11-22_HV7VKAFXX
5088760	/scratch/cgsb/gencore/out/BioClasses/2017-11-09_B4YN2
48359724	/scratch/cgsb/gencore/out/BioClasses
10655608	/scratch/cgsb/gencore/out/Carlton/2015-07-31_AFJR0
6318076	/scratch/cgsb/gencore/out/Carlton/2018-02-28_BKDWB
1085484	/scratch/cgsb/gencore/out/Carlton/2015-01-22-ACYMM
4646840	/scratch/cgsb/gencore/out/Carlton/2016-06-17_AP3VM
2979104	/scratch/cgsb/gencore/out/Carlton/2015-07-17_AH092
6952472	/scratch/cgsb/gencore/out/Carlton/2017-11-15_BH4HJ
148	/scratch/cgsb/gencore/out/Carlton/2014-07-09_C48L7ACXX
3267500	/scratch/cgsb/gencore/out/Carlton/2015-05-05_AFBVR
2801892	/scratch/cgsb/gencore/out/Carlton/2015-07-16_000000000-AGRBU
7031636	/scratch/cgsb/gencore/out/Carlton/2017-08-30_HNNGJAFXX
6471240	/scratch/cgsb/gencore/out/Carlton/2014-11-18-ABK41
1763776	/scratch/cgsb/gencore/out/Carlton/2014-04-04_Susan_A7WBN_rerun_A7YK5
2879824	/scratch/cgsb/gencore/out/Carlton/2014-03-25_A7WMG
12	/scratch/cgsb/gencore/out/Carlton/2012-02-06_D0R4EACXX
15137448	/scratch/cgsb/gencore/out/Carlton/2015-09-21_AJPTB
8	/scratch/cgsb/gencore/out/Carlton/2012-08-06_C0N4WACXX
3043056	/scratch/cgsb/gencore/out/Carlton/2014-03-27_A7VG9
2339020	/scratch/cgsb/gencore/out/Carlton/2014-07-29_A8M99
2716364	/scratch/cgsb/gencore/out/Carlton/2014-03-08_A7WN9
7390780	/scratch/cgsb/gencore/out/Carlton/2017-10-04_HTFGGAFXX
32512088	/scratch/cgsb/gencore/out/Carlton/2015-03-26_H2K5YBCXX
7224884	/scratch/cgsb/gencore/out/Carlton/2015-04-18_AF4P8
8749732	/scratch/cgsb/gencore/out/Carlton/2015-09-11_AJ2K7
2008296	/scratch/cgsb/gencore/out/Carlton/2015-11-24_AKK75
3807668	/scratch/cgsb/gencore/out/Carlton/2018-03-08_BH38T
3117396	/scratch/cgsb/gencore/out/Carlton/2014-03-06_A7YJK
6662068	/scratch/cgsb/gencore/out/Carlton/2018-02-22_BJV33
6084756	/scratch/cgsb/gencore/out/Carlton/2017-10-26_B4WPY
6249632	/scratch/cgsb/gencore/out/Carlton/2015-11-06_AKBTW
5879292	/scratch/cgsb/gencore/out/Carlton/2015-11-25_AKBTJ
2523972	/scratch/cgsb/gencore/out/Carlton/2014-10-07_ABF56
48647988	/scratch/cgsb/gencore/out/Carlton/2013-06-20_C29KEACXX
2338756	/scratch/cgsb/gencore/out/Carlton/2015-11-23_AJHH5
8	/scratch/cgsb/gencore/out/Carlton/2012-02-06_C0HYHACXX
2782676	/scratch/cgsb/gencore/out/Carlton/2016-11-16_H3F7MBCXY
6336780	/scratch/cgsb/gencore/out/Carlton/2018-01-18_BKN32
4899012	/scratch/cgsb/gencore/out/Carlton/2015-10-30_AK0KC
2743928	/scratch/cgsb/gencore/out/Carlton/2019-04-19_BY6FC
4146008	/scratch/cgsb/gencore/out/Carlton/2015-04-24_C5726ACXX
1322812	/scratch/cgsb/gencore/out/Carlton/2014-03-18_Julia_A8HD8_rerun_A8V62
2414440	/scratch/cgsb/gencore/out/Carlton/2015-03-02_ADJVM
16	/scratch/cgsb/gencore/out/Carlton/2013-06-19_L5-fixed_C29KEACXX
8	/scratch/cgsb/gencore/out/Carlton/2013-03-19-Emre-OLB_C1GMUACXX
1119080	/scratch/cgsb/gencore/out/Carlton/2014-03-03_G0214
2822236	/scratch/cgsb/gencore/out/Carlton/2015-04-13_AEB23
8	/scratch/cgsb/gencore/out/Carlton/2013-11-26_H7DRKADXX
6143624	/scratch/cgsb/gencore/out/Carlton/2015-11-30_AJHHN
2618288	/scratch/cgsb/gencore/out/Carlton/2014-03-05_A6M4G
8965876	/scratch/cgsb/gencore/out/Carlton/2017-05-15_HK2HHAFXX
2677568	/scratch/cgsb/gencore/out/Carlton/2015-07-14_AGRGJ
58731008	/scratch/cgsb/gencore/out/Carlton/2016-12-07_H2WLHBGX2
5361392	/scratch/cgsb/gencore/out/Carlton/2015-01-23_ACE31
19407532	/scratch/cgsb/gencore/out/Carlton/2015-09-18_AHV8J
2417600	/scratch/cgsb/gencore/out/Carlton/2015-07-07_000000000-AG3CH
20	/scratch/cgsb/gencore/out/Carlton/2011-10-03_D053MACXX
16	/scratch/cgsb/gencore/out/Carlton/2014-08-18_AAGJC
6578500	/scratch/cgsb/gencore/out/Carlton/2018-03-06_BHPHD
4567564	/scratch/cgsb/gencore/out/Carlton/2016_01_21_C7KY3ACXX
55162308	/scratch/cgsb/gencore/out/Carlton/2016-04_Carlton-29999970
2381476	/scratch/cgsb/gencore/out/Carlton/2015-02-11_ADT6T
92	/scratch/cgsb/gencore/out/Carlton/2014-06-16_C4G9YACXX
66211428	/scratch/cgsb/gencore/out/Carlton/2016-11-30_H5LVHBGXY
684	/scratch/cgsb/gencore/out/Carlton/2014-09-24_C4MVUACXX_single
62721752	/scratch/cgsb/gencore/out/Carlton/2014-10-14_AAG13
56186236	/scratch/cgsb/gencore/out/Carlton/2013-03-21_C1GMUACXX
2786484	/scratch/cgsb/gencore/out/Carlton/2015-04-14_AE2TW
18610232	/scratch/cgsb/gencore/out/Carlton/2015-08-21_AHV8M
16	/scratch/cgsb/gencore/out/Carlton/2013-06-19_C29KEACXX
8134180	/scratch/cgsb/gencore/out/Carlton/2014-03-06_A7VP9
8	/scratch/cgsb/gencore/out/Carlton/2013-03-19-Martina-OLB_C1GMUACXX
9307424	/scratch/cgsb/gencore/out/Carlton/2015-06-22_000000000-AFJV4
44795324	/scratch/cgsb/gencore/out/Carlton/2015-08-26_H5W3JBCXX
22181748	/scratch/cgsb/gencore/out/Carlton/2015-06-10_000000000-AFC60
1967012	/scratch/cgsb/gencore/out/Carlton/2016-07-20_ANE69
2372908	/scratch/cgsb/gencore/out/Carlton/2015-01-26_ADF8W
2078152	/scratch/cgsb/gencore/out/Carlton/2015-09-24_AJJF6
3763628	/scratch/cgsb/gencore/out/Carlton/2015-02-27_ADK61
6723780	/scratch/cgsb/gencore/out/Carlton/2016-12-05_HL2NLBCXX
56938948	/scratch/cgsb/gencore/out/Carlton/2016-12-02_HVWJNBGXY
1689688	/scratch/cgsb/gencore/out/Carlton/2016-02-23_AKKFY
2342528	/scratch/cgsb/gencore/out/Carlton/2015-03-10_AEB88
4286444	/scratch/cgsb/gencore/out/Carlton/2017-07-21_AY8Y0
2524104	/scratch/cgsb/gencore/out/Carlton/2014-05-15_A8L54
5478640	/scratch/cgsb/gencore/out/Carlton/2016-06-13_APNWB
8597780	/scratch/cgsb/gencore/out/Carlton/2017-07-21_HMVK2AFXX
12	/scratch/cgsb/gencore/out/Carlton/2011-12-05_D03NWACXX
16554880	/scratch/cgsb/gencore/out/Carlton/2015-03-05_ADYNJ
10040596	/scratch/cgsb/gencore/out/Carlton/2015-06-25_000000000-AGE3A
16	/scratch/cgsb/gencore/out/Carlton/2012-05-21_D0VUCACXX
2959120	/scratch/cgsb/gencore/out/Carlton/2015-09-29_AJ9MW
20463008	/scratch/cgsb/gencore/out/Carlton/2015-08-07_AGB35
18971916	/scratch/cgsb/gencore/out/Carlton/2015-08-13_AH0PN
12	/scratch/cgsb/gencore/out/Carlton/2013-03-19_C1GMUACXX
7206760	/scratch/cgsb/gencore/out/Carlton/2017-10-20_HVCCMAFXX
5999156	/scratch/cgsb/gencore/out/Carlton/2017-10-30_HV2CCAFXX
2531416	/scratch/cgsb/gencore/out/Carlton/2015-02-09_ADLJE
9608956	/scratch/cgsb/gencore/out/Carlton/2015-08-17_AHJKW
3883780	/scratch/cgsb/gencore/out/Carlton/2014-02-13_A76AY
914805460	/scratch/cgsb/gencore/out/Carlton
16	/scratch/cgsb/gencore/out/Munshi-South/2013-03-19-OLB_C1GMUACXX
20	/scratch/cgsb/gencore/out/Munshi-South/2013-10-01_D2HJ3ACXX
16	/scratch/cgsb/gencore/out/Munshi-South/2013-03-19_C1GMUACXX
56	/scratch/cgsb/gencore/out/Munshi-South
7880232	/scratch/cgsb/gencore/out/Carmofon/2019-05-07_H7JM2BGXB
7880236	/scratch/cgsb/gencore/out/Carmofon
8	/scratch/cgsb/gencore/out/Borowsky/2012-12-03_C1ECCACXX
32	/scratch/cgsb/gencore/out/Borowsky/2013-04-15_D22KMACXX
44	/scratch/cgsb/gencore/out/Borowsky
27194392	/scratch/cgsb/gencore/out/Huang/2019-05-07_HCH2WBGXB
14297328	/scratch/cgsb/gencore/out/Huang/2019-03-05_HGWH2AFXY
12121120	/scratch/cgsb/gencore/out/Huang/2019-01-14_HFYHHAFXY
7577308	/scratch/cgsb/gencore/out/Huang/2018-11-12_H7HWGAFXY
5892776	/scratch/cgsb/gencore/out/Huang/2018-10-17_BNG4D
5549120	/scratch/cgsb/gencore/out/Huang/2019-02-20_HFWYWAFXY
34562704	/scratch/cgsb/gencore/out/Huang/2019-03-29_HJTFLAFXY
19231844	/scratch/cgsb/gencore/out/Huang/2018-09-27_H3VH3AFXY
4121272	/scratch/cgsb/gencore/out/Huang/2018-09-12_HGTFWBGX7
22031588	/scratch/cgsb/gencore/out/Huang/2018-11-26_HG3LMAFXY
152579456	/scratch/cgsb/gencore/out/Huang
12	/scratch/cgsb/gencore/out/Piano/2014-03-06_H8537ADXX
8	/scratch/cgsb/gencore/out/Piano/2012-08-06_C0N4WACXX
8	/scratch/cgsb/gencore/out/Piano/2012-09-10_C0MK8ACXX
12	/scratch/cgsb/gencore/out/Piano/2014-03-18_H93J0ADXX
44	/scratch/cgsb/gencore/out/Piano
19302352	/scratch/cgsb/gencore/out/Siegal/2017-07-20_HMN35AFXX
27470692	/scratch/cgsb/gencore/out/Siegal/2018-04-10_HT7H3AFXX
46773048	/scratch/cgsb/gencore/out/Siegal
13711928	/scratch/cgsb/gencore/out/Desplan/2018-01-19_H5L5MBCX2
20	/scratch/cgsb/gencore/out/Desplan/2014-03-12_C3RDGACXX
17103828	/scratch/cgsb/gencore/out/Desplan/2018-05-17_HHLNVBCX2
7478612	/scratch/cgsb/gencore/out/Desplan/2018-01-10_H57W7BCX2
25442996	/scratch/cgsb/gencore/out/Desplan/2018-05-25_HJ5Y2BCX2
292	/scratch/cgsb/gencore/out/Desplan/2014-07-29_C4MBGACXX
16819732	/scratch/cgsb/gencore/out/Desplan/2018-05-15_HWCF7BGX5
7979072	/scratch/cgsb/gencore/out/Desplan/2018-01-10_H57VTBCX2
45546572	/scratch/cgsb/gencore/out/Desplan/2018-08-16_HGN3YBGX7
45306956	/scratch/cgsb/gencore/out/Desplan/2018-10-19_HMNKTBGX7
85182352	/scratch/cgsb/gencore/out/Desplan/2018-06-28_HH5HLBGX7
9295072	/scratch/cgsb/gencore/out/Desplan/2018-02-21_H5T75BCX2
74415440	/scratch/cgsb/gencore/out/Desplan/2018-08-07_HGKTKBGX7
70804340	/scratch/cgsb/gencore/out/Desplan/2018-08-01_HWM3CBGX5
10378788	/scratch/cgsb/gencore/out/Desplan/2018-12-11_H5FFKAFXY
47877248	/scratch/cgsb/gencore/out/Desplan/2019-04-12_H7J22BGXB
12	/scratch/cgsb/gencore/out/Desplan/2012-09-10_C0MK8ACXX
3978216	/scratch/cgsb/gencore/out/Desplan/2017-12-20_HFFVNBGX5
77691988	/scratch/cgsb/gencore/out/Desplan/2018-08-02_HTV3NBGX5
12	/scratch/cgsb/gencore/out/Desplan/2017-12-13_HN22NBCXY
73764800	/scratch/cgsb/gencore/out/Desplan/2018-08-08_HGFCJBGX7
64303936	/scratch/cgsb/gencore/out/Desplan/2018-05-25_HHYCTBCX2
68100892	/scratch/cgsb/gencore/out/Desplan/2018-08-07_HGNJYBGX7
8	/scratch/cgsb/gencore/out/Desplan/2015-03-05_C572CACXX
27916980	/scratch/cgsb/gencore/out/Desplan/2019-03-08_HYKTJBGX9
639468	/scratch/cgsb/gencore/out/Desplan/2017-12-21_H7F7FBCX2
37027948	/scratch/cgsb/gencore/out/Desplan/2018-08-15_HGLFVBGX7
292	/scratch/cgsb/gencore/out/Desplan/2014-07-29_C4RNWACXX
20	/scratch/cgsb/gencore/out/Desplan/2013-10-15_C2N14ACXX
8088252	/scratch/cgsb/gencore/out/Desplan/2017-12-13_HKC3NBCXY
39574556	/scratch/cgsb/gencore/out/Desplan/2018-10-19_HMGGHBGX7
26534960	/scratch/cgsb/gencore/out/Desplan/2018-07-27_H5CCNBCX2
66163172	/scratch/cgsb/gencore/out/Desplan/2018-06-11_HJKMGBCX2
3724872	/scratch/cgsb/gencore/out/Desplan/2017-12-19_HF7T2BGX5
9532672	/scratch/cgsb/gencore/out/Desplan/2018-02-21_H5VKFBCX2
8	/scratch/cgsb/gencore/out/Desplan/2013-08-13_D2CHPACXX
10314332	/scratch/cgsb/gencore/out/Desplan/2018-03-15_HC2CWBCX2
69853220	/scratch/cgsb/gencore/out/Desplan/2018-08-08_HGLH3BGX7
982592	/scratch/cgsb/gencore/out/Desplan/2015-06-16_000000000-AG1W8
28	/scratch/cgsb/gencore/out/Desplan/2013-11-19_C32K5ACXX
3298072	/scratch/cgsb/gencore/out/Desplan/2017-12-19_HF7T3BGX5
73531224	/scratch/cgsb/gencore/out/Desplan/2018-08-03_HGKVLBGX7
39434176	/scratch/cgsb/gencore/out/Desplan/2019-03-11_H357TBGXB
65418936	/scratch/cgsb/gencore/out/Desplan/2018-06-11_HJJNMBCX2
1247218896	/scratch/cgsb/gencore/out/Desplan
16	/scratch/cgsb/gencore/out/Meyer/2013-12-17_dual_indexed_C370GACXX
8	/scratch/cgsb/gencore/out/Meyer/2013-12-17_single_indexed_C370GACXX
28	/scratch/cgsb/gencore/out/Meyer
32	/scratch/cgsb/gencore/out/Skok/2012-11-13_C1E9UACXX
32	/scratch/cgsb/gencore/out/Skok/2013-11-19_C38E3ACXX
68	/scratch/cgsb/gencore/out/Skok
27143552	/scratch/cgsb/gencore/out/Satija/2019-06-04_HHTNVBGXB
87744464	/scratch/cgsb/gencore/out/Satija/2019-01-03_HGHK2BGX9
83583768	/scratch/cgsb/gencore/out/Satija/2018-10-23_HMHGCBGX7
98458608	/scratch/cgsb/gencore/out/Satija/2018-09-04_HGWHTBGX7
84663224	/scratch/cgsb/gencore/out/Satija/2018-09-21_HH2MLBGX7
35430820	/scratch/cgsb/gencore/out/Satija/2019-04-16_H7JC7BGXB
62675012	/scratch/cgsb/gencore/out/Satija/2019-02-26_HWCLJBGX9
82091504	/scratch/cgsb/gencore/out/Satija/2019-01-25_HGYGTBGX9
288524	/scratch/cgsb/gencore/out/Satija/2019-04-04_G3JC4
76198968	/scratch/cgsb/gencore/out/Satija/2019-03-08_H33HLBGXB
84539068	/scratch/cgsb/gencore/out/Satija/2019-02-05_HLYLTBGX9
35825872	/scratch/cgsb/gencore/out/Satija/2019-05-10_HFGFNBGXB
66673732	/scratch/cgsb/gencore/out/Satija/2019-04-22_HCG37BGXB
825317120	/scratch/cgsb/gencore/out/Satija
100	/scratch/cgsb/gencore/out/Kourosh/2014-04-30_C49ANACXX
104	/scratch/cgsb/gencore/out/Kourosh
8	/scratch/cgsb/gencore/out/Gresham/temp
8	/scratch/cgsb/gencore/out/Gresham/2014-03-12_C3RDGACXX
15585328	/scratch/cgsb/gencore/out/Gresham/2014-07-09_C48L7ACXX
13618908	/scratch/cgsb/gencore/out/Gresham/2017-07-26_HYFCVBGX2
8	/scratch/cgsb/gencore/out/Gresham/2013-02-21_D1UBYACXX
15584576	/scratch/cgsb/gencore/out/Gresham/2018-04-30_HVK5FBGX5
8	/scratch/cgsb/gencore/out/Gresham/2013-10-31_H7DW1ADXX
54298500	/scratch/cgsb/gencore/out/Gresham/2016-10-05_HG5MKAFXX
45423636	/scratch/cgsb/gencore/out/Gresham/2018-08-09_HGMTYBGX7
12	/scratch/cgsb/gencore/out/Gresham/2012-12-03_D1F7YACXX
10865244	/scratch/cgsb/gencore/out/Gresham/2017-06-07_HN3YYBGX2
12052476	/scratch/cgsb/gencore/out/Gresham/2017-03-21_HJNJTAFXX
2959480	/scratch/cgsb/gencore/out/Gresham/2015-07-24_AGWYV
15750824	/scratch/cgsb/gencore/out/Gresham/2019-02-28_HFWYVAFXY
12885732	/scratch/cgsb/gencore/out/Gresham/2018-12-17_H7HVFAFXY
4029056	/scratch/cgsb/gencore/out/Gresham/2017-10-20_BH5K9
32702620	/scratch/cgsb/gencore/out/Gresham/2017-01-10_HH75LAFXX
6997688	/scratch/cgsb/gencore/out/Gresham/2015-06-24_C6001ACXX
60	/scratch/cgsb/gencore/out/Gresham/2014-07-09_C4W17ACXX
31555532	/scratch/cgsb/gencore/out/Gresham/2018-08-17_HH2YKBGX7
11402136	/scratch/cgsb/gencore/out/Gresham/2017-09-27_H2W33BGX3
2259604	/scratch/cgsb/gencore/out/Gresham/2015-11-04_AJGTE
20765448	/scratch/cgsb/gencore/out/Gresham/2017-12-21_HW37FAFXX
1186488	/scratch/cgsb/gencore/out/Gresham/2015-02-24_ADTHD
15398000	/scratch/cgsb/gencore/out/Gresham/2018-12-19_HFWWGAFXY
34534252	/scratch/cgsb/gencore/out/Gresham/2018-10-11_HGFVNBGX7
12022024	/scratch/cgsb/gencore/out/Gresham/2017-09-26_HFJFLBGX3
72538528	/scratch/cgsb/gencore/out/Gresham/2018-09-07_HGFVLBGX7
509064	/scratch/cgsb/gencore/out/Gresham/2016-05-02_AHW8P
11058444	/scratch/cgsb/gencore/out/Gresham/2018-12-19_HFWYLAFXY
28611232	/scratch/cgsb/gencore/out/Gresham/2014-11-06-C56P1ACXX
55866628	/scratch/cgsb/gencore/out/Gresham/2015-03-05_C572CACXX
18609672	/scratch/cgsb/gencore/out/Gresham/2015-04-24_C5726ACXX
32832888	/scratch/cgsb/gencore/out/Gresham/2018-10-29_HTT7NBGX7
8939108	/scratch/cgsb/gencore/out/Gresham/2017-12-11_HWC5LBGX3
5126968	/scratch/cgsb/gencore/out/Gresham/2014-06-14_A8VJ5
40423220	/scratch/cgsb/gencore/out/Gresham/2018-03-30_HLFF3BGX5
12201716	/scratch/cgsb/gencore/out/Gresham/2017-04-28_H5J5LBGX2
6597748	/scratch/cgsb/gencore/out/Gresham/2017-08-09_HN2WTAFXX
12	/scratch/cgsb/gencore/out/Gresham/2014-08-12_HA430ADXX
36163152	/scratch/cgsb/gencore/out/Gresham/2017-05-24_HKFYTBGX2
8	/scratch/cgsb/gencore/out/Gresham/2013-07-30_D26BJACXX
1663908	/scratch/cgsb/gencore/out/Gresham/2015-02-03_ACLGA
164776896	/scratch/cgsb/gencore/out/Gresham/2017-01-06_HGGNWBGX2
3728840	/scratch/cgsb/gencore/out/Gresham/2015-07-22_C7D4YACXX
1441916	/scratch/cgsb/gencore/out/Gresham/2018-12-11_H2NL2AFXY
14291548	/scratch/cgsb/gencore/out/Gresham/2019-03-20_H573CBGXB
653156	/scratch/cgsb/gencore/out/Gresham/2016-09-16_AJPLK
18656792	/scratch/cgsb/gencore/out/Gresham/2015-10-23_HK5NHBGXX
5092968	/scratch/cgsb/gencore/out/Gresham/2017-03-30_AY9TV
8	/scratch/cgsb/gencore/out/Gresham/2013-08-13_D2CHPACXX
1554092	/scratch/cgsb/gencore/out/Gresham/2018-11-09_BMH75
1351868	/scratch/cgsb/gencore/out/Gresham/2017-12-19_B4NWY
16	/scratch/cgsb/gencore/out/Gresham/2014-05-01_C2R7RACXX
42919784	/scratch/cgsb/gencore/out/Gresham/2018-10-01_HMT72BGX7
12	/scratch/cgsb/gencore/out/Gresham/2018-08-14_HGN57BGX7
10198600	/scratch/cgsb/gencore/out/Gresham/2017-09-06_H2J5LBGX3
26113052	/scratch/cgsb/gencore/out/Gresham/2016-10-26_HG7CVAFXX
1020820	/scratch/cgsb/gencore/out/Gresham/2015-03-09_ADU3C
1158800	/scratch/cgsb/gencore/out/Gresham/2016-03-23_AKRU9
20	/scratch/cgsb/gencore/out/Gresham/2013-06-05_D2AWDACXX
30898184	/scratch/cgsb/gencore/out/Gresham/2018-10-29_HTW3CBGX7
20	/scratch/cgsb/gencore/out/Gresham/2013-04-15_C20P0ACXX
6387784	/scratch/cgsb/gencore/out/Gresham/2017-08-31_HGGMKBGX3
42196852	/scratch/cgsb/gencore/out/Gresham/2014-09-24_HAJW7ADXX
8	/scratch/cgsb/gencore/out/Gresham/2014-05-13_C4YARACXX
788216	/scratch/cgsb/gencore/out/Gresham/2017-04-14_AVA3A
1076250208	/scratch/cgsb/gencore/out/Gresham
12	/scratch/cgsb/gencore/out/Holford/2012-08-06_C0N4WACXX
16	/scratch/cgsb/gencore/out/Holford
20248096	/scratch/cgsb/gencore/out/Ghedin/2018-05-21_H2W37AFXY
2659796	/scratch/cgsb/gencore/out/Ghedin/2018-07-12_BYNJT
84	/scratch/cgsb/gencore/out/Ghedin/2014-08-12_HAAULADXX
137850912	/scratch/cgsb/gencore/out/Ghedin/2015-10-01_C68Y0ACXX-redo
3146072	/scratch/cgsb/gencore/out/Ghedin/2016-03-25_AHBBJ
51742272	/scratch/cgsb/gencore/out/Ghedin/2019-02-27_HW7NHBGX9
34342840	/scratch/cgsb/gencore/out/Ghedin/2017-12-04_H5FMCBGX5
10458672	/scratch/cgsb/gencore/out/Ghedin/2019-05-20_HLJH5BCX2
3652484	/scratch/cgsb/gencore/out/Ghedin/2014-11-25-AC05F
2969512	/scratch/cgsb/gencore/out/Ghedin/2016-06-21_AP76Y
29649192	/scratch/cgsb/gencore/out/Ghedin/2017-02-22_HFHHGBCXY
3382280	/scratch/cgsb/gencore/out/Ghedin/2017-09-27_BD6BC
66460048	/scratch/cgsb/gencore/out/Ghedin/2017-08-31_HGG5NBGX3
83970004	/scratch/cgsb/gencore/out/Ghedin/2018-03-13_HMF3FBGX5
4928516	/scratch/cgsb/gencore/out/Ghedin/2018-10-19_BRWHK
19842096	/scratch/cgsb/gencore/out/Ghedin/2016-10-28_HGM2WBGXY
189523264	/scratch/cgsb/gencore/out/Ghedin/2018-01-31_CBNFWACXX
32568232	/scratch/cgsb/gencore/out/Ghedin/2015-03-24_H2V3NBCXX
4328480	/scratch/cgsb/gencore/out/Ghedin/2017-06-29_ARRUV
73465540	/scratch/cgsb/gencore/out/Ghedin/2019-05-16_HFMJ3BGXB
4596920	/scratch/cgsb/gencore/out/Ghedin/2015-03-11_AE52Y-redo
55567480	/scratch/cgsb/gencore/out/Ghedin/2018-10-16_HMKLWBGX7
67797864	/scratch/cgsb/gencore/out/Ghedin/2019-02-06_HLYKLBGX9
6784948	/scratch/cgsb/gencore/out/Ghedin/2015-12-03_AKR50
23248804	/scratch/cgsb/gencore/out/Ghedin/2015-11-17_HN7T2BGXX
6250988	/scratch/cgsb/gencore/out/Ghedin/2015-05-08_AE77A
74782116	/scratch/cgsb/gencore/out/Ghedin/2019-01-23_HGYGMBGX9
5083424	/scratch/cgsb/gencore/out/Ghedin/babylon.bio.nyu.edu
3114228	/scratch/cgsb/gencore/out/Ghedin/2018-05-09_BGWPT
46447432	/scratch/cgsb/gencore/out/Ghedin/2018-11-19_HNJT3BCX2
4813080	/scratch/cgsb/gencore/out/Ghedin/2018-06-21_BJT65
288637708	/scratch/cgsb/gencore/out/Ghedin/2017-11-28_CBN9DACXX
140871656	/scratch/cgsb/gencore/out/Ghedin/2018-11-02_HVCHNBGX7
87627512	/scratch/cgsb/gencore/out/Ghedin/2019-04-30_HCGGGBGXB
2255060	/scratch/cgsb/gencore/out/Ghedin/2017-04-11_ATLLR
72776948	/scratch/cgsb/gencore/out/Ghedin/2019-05-31_HGMN5BGXB
89974512	/scratch/cgsb/gencore/out/Ghedin/2015-11-18_HCJFNBCXX
42557656	/scratch/cgsb/gencore/out/Ghedin/2018-10-16_HLCT5BCX2
1772872	/scratch/cgsb/gencore/out/Ghedin/2016-03-01_AA0421291
13519036	/scratch/cgsb/gencore/out/Ghedin/2018-04-06_HYKJMAFXX
113708032	/scratch/cgsb/gencore/out/Ghedin/2015-11-18_H7NJ7BCXX
7249644	/scratch/cgsb/gencore/out/Ghedin/2019-05-21_HYMM5BCX2
29858584	/scratch/cgsb/gencore/out/Ghedin/2017-02-22_H5Y2LBCXY
30345924	/scratch/cgsb/gencore/out/Ghedin/2017-02-14_H573NBGX2
87907476	/scratch/cgsb/gencore/out/Ghedin/2018-03-13_HM7TTBGX5
40633432	/scratch/cgsb/gencore/out/Ghedin/2019-01-30_HH5H2BGX9
5360588	/scratch/cgsb/gencore/out/Ghedin/2016-05-16_AN12D
9198984	/scratch/cgsb/gencore/out/Ghedin/2019-05-07_HCGVJBGXB
39391040	/scratch/cgsb/gencore/out/Ghedin/2016-11-01_HH7T5BGXY
4596920	/scratch/cgsb/gencore/out/Ghedin/2015-03-11_AE52Y
160696144	/scratch/cgsb/gencore/out/Ghedin/2018-09-18_HMLHWBGX7
48960728	/scratch/cgsb/gencore/out/Ghedin/2018-11-12_HFVL2BGX9
31754644	/scratch/cgsb/gencore/out/Ghedin/2017-03-29_HHTJGBCXY
4640976	/scratch/cgsb/gencore/out/Ghedin/2016-04-01_AJHJG
35391104	/scratch/cgsb/gencore/out/Ghedin/2019-05-30_HGYTWBGXB
988624	/scratch/cgsb/gencore/out/Ghedin/2015-01-13_ACYYU
485168	/scratch/cgsb/gencore/out/Ghedin/2016-02-25_AJH22
51243484	/scratch/cgsb/gencore/out/Ghedin/2018-02-14_H2LHHBGX5
4649432	/scratch/cgsb/gencore/out/Ghedin/2015-02-15_ACCF2
6349720	/scratch/cgsb/gencore/out/Ghedin/2017-03-13_ATLL5
89186296	/scratch/cgsb/gencore/out/Ghedin/2019-03-26_H53K5BGXB
42032272	/scratch/cgsb/gencore/out/Ghedin/2019-02-27_HYGYGBGX9
2327304	/scratch/cgsb/gencore/out/Ghedin/2017-10-06_B4Y2B
48523084	/scratch/cgsb/gencore/out/Ghedin/2019-02-06_HTVCNBGX9
39116352	/scratch/cgsb/gencore/out/Ghedin/2016-08-31_HHCYTBGXY
69433880	/scratch/cgsb/gencore/out/Ghedin/2019-02-08_HT5CKBCX2
26778220	/scratch/cgsb/gencore/out/Ghedin/2017-12-21_H5LW5BCX2
1200176	/scratch/cgsb/gencore/out/Ghedin/2016-02-18_AM3NA
55745456	/scratch/cgsb/gencore/out/Ghedin/2017-11-21_HW23FBCXY
330952	/scratch/cgsb/gencore/out/Ghedin/2015-01-15_ACT99
2690960	/scratch/cgsb/gencore/out/Ghedin/2015-04-02_AE3MC
43845376	/scratch/cgsb/gencore/out/Ghedin/2018-12-06_HGHC5BGX9
41405800	/scratch/cgsb/gencore/out/Ghedin/2016-12-20_H7TTCBGX2
36665076	/scratch/cgsb/gencore/out/Ghedin/2017-11-28_HWNGLBGX3
131568704	/scratch/cgsb/gencore/out/Ghedin/2015-10-01_C8364ACXX-redo
33115608	/scratch/cgsb/gencore/out/Ghedin/2017-03-29_HHNK2BCXY
4149580	/scratch/cgsb/gencore/out/Ghedin/2016-05-31_AP3CC
2814696	/scratch/cgsb/gencore/out/Ghedin/2017-10-18_B56MK
34875996	/scratch/cgsb/gencore/out/Ghedin/2019-05-15_HFLLHBGXB
47965448	/scratch/cgsb/gencore/out/Ghedin/2019-02-07_HTW33BGX9
6570772	/scratch/cgsb/gencore/out/Ghedin/2016-08-08_ANER6
160	/scratch/cgsb/gencore/out/Ghedin/2019-01-30_HH5VYBGX9
5378636	/scratch/cgsb/gencore/out/Ghedin/2018-06-19_BMMKK
5177268	/scratch/cgsb/gencore/out/Ghedin/2017-08-15_B4MYC
133895992	/scratch/cgsb/gencore/out/Ghedin/2015-10-01_C8364ACXX
5518524	/scratch/cgsb/gencore/out/Ghedin/2016-04-18_ANABT
31273272	/scratch/cgsb/gencore/out/Ghedin/2018-09-19_HK77CBCX2
38479540	/scratch/cgsb/gencore/out/Ghedin/2018-01-08_H5JWNBCX2
41327124	/scratch/cgsb/gencore/out/Ghedin/2019-04-18_H7J52BGXB
4291880	/scratch/cgsb/gencore/out/Ghedin/2018-09-24_BY879
99481792	/scratch/cgsb/gencore/out/Ghedin/2019-03-11_H35K7BGXB
4352676	/scratch/cgsb/gencore/out/Ghedin/2016-06-07_AR0HW
58232676	/scratch/cgsb/gencore/out/Ghedin/2018-10-23_HMNG2BCX2
63568340	/scratch/cgsb/gencore/out/Ghedin/2019-01-23_HGY2NBGX9
35208900	/scratch/cgsb/gencore/out/Ghedin/2016-08-15_HFWWMBGXY
41379828	/scratch/cgsb/gencore/out/Ghedin/2019-01-31_HHLCKBGX9
5280588	/scratch/cgsb/gencore/out/Ghedin/2016-12-19_ARK2F
370116	/scratch/cgsb/gencore/out/Ghedin/2016-03-08_AM3N7
67668	/scratch/cgsb/gencore/out/Ghedin/2015-11-12_AKF34
293160	/scratch/cgsb/gencore/out/Ghedin/for-alan
73329192	/scratch/cgsb/gencore/out/Ghedin/2018-11-30_HG22CBGX9
12606172	/scratch/cgsb/gencore/out/Ghedin/2018-12-04_HGCG7BGX9
54996892	/scratch/cgsb/gencore/out/Ghedin/2019-04-19_H7JN5BGXB
9870344	/scratch/cgsb/gencore/out/Ghedin/2019-02-05_HLYJNBGX9
7308532	/scratch/cgsb/gencore/out/Ghedin/2019-02-28_H3537BGXB
5730340	/scratch/cgsb/gencore/out/Ghedin/2018-03-23_BHPG9
26273024	/scratch/cgsb/gencore/out/Ghedin/2017-02-15_H573JBGX2
3319940	/scratch/cgsb/gencore/out/Ghedin/2019-01-31_BTF83
85448804	/scratch/cgsb/gencore/out/Ghedin/2018-11-16_HFL77BGX9
2621892	/scratch/cgsb/gencore/out/Ghedin/2016-04-26_ANFV3
8861176	/scratch/cgsb/gencore/out/Ghedin/2019-05-28_HGKN3BGXB
6834428	/scratch/cgsb/gencore/out/Ghedin/2017-08-01_B4HVB
5936124	/scratch/cgsb/gencore/out/Ghedin/2019-03-28_HTKZQN1
15473552	/scratch/cgsb/gencore/out/Ghedin/2018-04-12_H2CYMAFXY
1718016	/scratch/cgsb/gencore/out/Ghedin/2017-04-21_AYAYN
71443840	/scratch/cgsb/gencore/out/Ghedin/2016-12-09_HVMVCBGXY
7491688	/scratch/cgsb/gencore/out/Ghedin/2018-10-03_HTVMCBGX7
3089180	/scratch/cgsb/gencore/out/Ghedin/2017-10-23_B4Y9M
33244408	/scratch/cgsb/gencore/out/Ghedin/2019-05-16_HFHN2BGXB
71126672	/scratch/cgsb/gencore/out/Ghedin/2017-11-13_HN22CBGX3
12399844	/scratch/cgsb/gencore/out/Ghedin/2019-05-20_H5WNTBCX2
98228	/scratch/cgsb/gencore/out/Ghedin/2016-03-03_AL8FT
61109136	/scratch/cgsb/gencore/out/Ghedin/2018-12-04_HNJM2BCX2
38811116	/scratch/cgsb/gencore/out/Ghedin/2018-12-06_HGHK3BGX9
5083428	/scratch/cgsb/gencore/out/Ghedin/2016-11-03_AP3MB
86062624	/scratch/cgsb/gencore/out/Ghedin/2019-03-15_H2YVLBGXB
49961524	/scratch/cgsb/gencore/out/Ghedin/2019-02-07_HTN3WBGX9
90236956	/scratch/cgsb/gencore/out/Ghedin/2018-11-16_HFKNKBGX9
48182016	/scratch/cgsb/gencore/out/Ghedin/2015-07-24_H55MKBCXX
5678552	/scratch/cgsb/gencore/out/Ghedin/2015-10-27_AJTU1
2140164	/scratch/cgsb/gencore/out/Ghedin/2015-11-20_AKKC9
58713432	/scratch/cgsb/gencore/out/Ghedin/2019-03-05_HYGKFBGX9
24299480	/scratch/cgsb/gencore/out/Ghedin/2017-07-19_HT5LJBCXY
5746272	/scratch/cgsb/gencore/out/Ghedin/2016-08-16_ARG6P
144628568	/scratch/cgsb/gencore/out/Ghedin/2015-10-01_C68Y0ACXX
17763364	/scratch/cgsb/gencore/out/Ghedin/2015-10-06_H5KNLBGXX
4621448	/scratch/cgsb/gencore/out/Ghedin/2016-12-15_ARK0Y
69768972	/scratch/cgsb/gencore/out/Ghedin/2018-10-11_HMGMVBGX7
6205288	/scratch/cgsb/gencore/out/Ghedin/2015-11-16_AJTBG
74389856	/scratch/cgsb/gencore/out/Ghedin/2017-05-16_H5JVVBGX2
36442584	/scratch/cgsb/gencore/out/Ghedin/2016-05-24_HYGNVBGXX
63402768	/scratch/cgsb/gencore/out/Ghedin/2018-10-10_HTW57BGX7
4795076	/scratch/cgsb/gencore/out/Ghedin/2016-03-18_AHF0P
73153384	/scratch/cgsb/gencore/out/Ghedin/2019-02-13_HTJYVBGX9
5598672	/scratch/cgsb/gencore/out/Ghedin/2018-12-05_BT95L
942164	/scratch/cgsb/gencore/out/Ghedin/2015-08-24_AHV5L
2865916	/scratch/cgsb/gencore/out/Ghedin/2015-09-01_AHF14
16700368	/scratch/cgsb/gencore/out/Ghedin/2015-03-17_H2TW2BCXX
11378600	/scratch/cgsb/gencore/out/Ghedin/2019-04-18_H7JJVBGXB
328016	/scratch/cgsb/gencore/out/Ghedin/2016-05-13_AN4CJ
19957936	/scratch/cgsb/gencore/out/Ghedin/2018-02-16_HVHNVAFXX
282296	/scratch/cgsb/gencore/out/Ghedin/2016-03-04_AJH7P
9111404	/scratch/cgsb/gencore/out/Ghedin/2019-05-28_HGHW5BGXB
5289176	/scratch/cgsb/gencore/out/Ghedin/2017-02-07_ARD6C
6929148	/scratch/cgsb/gencore/out/Ghedin/2017-02-16_ATWHG
70020808	/scratch/cgsb/gencore/out/Ghedin/2018-11-30_HGFWJBGX9
179931996	/scratch/cgsb/gencore/out/Ghedin/2018-01-31_CAEYYACXX
4768144	/scratch/cgsb/gencore/out/Ghedin/2016-07-27_ARM7R
60699136	/scratch/cgsb/gencore/out/Ghedin/2018-03-28_HJT2TBGX5
827592	/scratch/cgsb/gencore/out/Ghedin/2015-02-06_ACMA5
4049728	/scratch/cgsb/gencore/out/Ghedin/2015-02-13_ADTDK
24057444	/scratch/cgsb/gencore/out/Ghedin/2018-04-19_H7GKLBCX2
5776597316	/scratch/cgsb/gencore/out/Ghedin
12	/scratch/cgsb/gencore/out/Purugganan/2013-03-19-OLB_C1GMUACXX
282491776	/scratch/cgsb/gencore/out/Purugganan/2019-04-18_CCRMBACXX
360088	/scratch/cgsb/gencore/out/Purugganan/2015-04-07_000000000-ADVLY
123292096	/scratch/cgsb/gencore/out/Purugganan/2016-08-03_C841RACXX
32	/scratch/cgsb/gencore/out/Purugganan/2013-01-08_D1K60ACXX
7560080	/scratch/cgsb/gencore/out/Purugganan/2016-04-13_AN0GE
17806924	/scratch/cgsb/gencore/out/Purugganan/2016-10-26_H3NFYBCXY
32	/scratch/cgsb/gencore/out/Purugganan/2013-06-19_C27F4ACXX
13506712	/scratch/cgsb/gencore/out/Purugganan/2018-06-22_HJV33BCX2
289443416	/scratch/cgsb/gencore/out/Purugganan/2019-03-27_CBKDUACXX
133563456	/scratch/cgsb/gencore/out/Purugganan/2014-07-09_C48L7ACXX
32	/scratch/cgsb/gencore/out/Purugganan/2013-06-12_D2AWBACXX
19054240	/scratch/cgsb/gencore/out/Purugganan/2017-11-17_HWT7JBGX3
168411200	/scratch/cgsb/gencore/out/Purugganan/2017-11-10_CAWVTACXX
67396688	/scratch/cgsb/gencore/out/Purugganan/2013-01-09_D1K60ACXX
16453260	/scratch/cgsb/gencore/out/Purugganan/2017-10-16_HMTWKBGX3
27707448	/scratch/cgsb/gencore/out/Purugganan/2016-04-15_HJ5TTBCXX
62654100	/scratch/cgsb/gencore/out/Purugganan/2017-06-28_CA4RDACXX
15343012	/scratch/cgsb/gencore/out/Purugganan/2017-05-26_HMCH7BGX2-filtered
32	/scratch/cgsb/gencore/out/Purugganan/2013-08-13_C2KDFACXX
16048956	/scratch/cgsb/gencore/out/Purugganan/2017-10-05_HKYNJBGX3
314120808	/scratch/cgsb/gencore/out/Purugganan/2019-05-07_CCY3TACXX
14799656	/scratch/cgsb/gencore/out/Purugganan/2017-09-07_H2FMNBGX3
12	/scratch/cgsb/gencore/out/Purugganan/2012-02-06_D0R4EACXX
32	/scratch/cgsb/gencore/out/Purugganan/2013-06-05_D274PACXX
993936	/scratch/cgsb/gencore/out/Purugganan/2016-07-15_000000000-APTJP
16	/scratch/cgsb/gencore/out/Purugganan/2012-08-06_C0N4WACXX
13003912	/scratch/cgsb/gencore/out/Purugganan/2017-09-11_H2FT3BGX3
69891600	/scratch/cgsb/gencore/out/Purugganan/2017-10-18_C8R14ACXX
13909500	/scratch/cgsb/gencore/out/Purugganan/2017-10-09_HKWJFBGX3
20	/scratch/cgsb/gencore/out/Purugganan/2012-12-03_C1ECCACXX
32	/scratch/cgsb/gencore/out/Purugganan/2013-04-22_C21HJACXX
18562544	/scratch/cgsb/gencore/out/Purugganan/2018-09-05_HK5MMBCX2
10030412	/scratch/cgsb/gencore/out/Purugganan/2015-04-28_H3KWGBCXX
20657188	/scratch/cgsb/gencore/out/Purugganan/2015-04-29_H3KYGBCXX
10963564	/scratch/cgsb/gencore/out/Purugganan/2016-10-26_H3NGHBCXY
17392588	/scratch/cgsb/gencore/out/Purugganan/2017-09-11_H2G3VBGX3
16567060	/scratch/cgsb/gencore/out/Purugganan/2017-05-26_HMCH7BGX2-raw
263441248	/scratch/cgsb/gencore/out/Purugganan/2016-12-08_C9LUFACXX
32	/scratch/cgsb/gencore/out/Purugganan/2013-11-05_C3280ACXX
32	/scratch/cgsb/gencore/out/Purugganan/2013-06-12_D2AWEACXX
32	/scratch/cgsb/gencore/out/Purugganan/2013-10-15_C2F6MACXX
32	/scratch/cgsb/gencore/out/Purugganan/2013-08-27_C2FEJACXX
16	/scratch/cgsb/gencore/out/Purugganan/2012-02-06_C0HYHACXX
32	/scratch/cgsb/gencore/out/Purugganan/2013-07-24_D2AMBACXX
191659164	/scratch/cgsb/gencore/out/Purugganan/2017-04-26_C9LUHACXX
13158668	/scratch/cgsb/gencore/out/Purugganan/2017-05-22_HKJ5TBGX2-run-dir
668528	/scratch/cgsb/gencore/out/Purugganan/2018-05-17_BNDCH
32	/scratch/cgsb/gencore/out/Purugganan/2014-02-11_C3D1UACXX
12233524	/scratch/cgsb/gencore/out/Purugganan/2016-12-20_H72FYBCXY
15822988	/scratch/cgsb/gencore/out/Purugganan/2017-10-05_HL2NLBGX3
32	/scratch/cgsb/gencore/out/Purugganan/2013-02-19_D1TC4ACXX
32	/scratch/cgsb/gencore/out/Purugganan/2013-07-23_D2CPDACXX
670568	/scratch/cgsb/gencore/out/Purugganan/2018-04-25_BH4B9
314973096	/scratch/cgsb/gencore/out/Purugganan/2019-04-12_CCWEBACXX
16	/scratch/cgsb/gencore/out/Purugganan/2013-10-15_C2N14ACXX
148	/scratch/cgsb/gencore/out/Purugganan/2014-06-16_C4G9YACXX
197658828	/scratch/cgsb/gencore/out/Purugganan/2016-09-09_C99E8ACXX
32	/scratch/cgsb/gencore/out/Purugganan/2013-11-05_C2M5GACXX
16	/scratch/cgsb/gencore/out/Purugganan/2013-10-01_D2HJ3ACXX
32	/scratch/cgsb/gencore/out/Purugganan/2013-08-20_C29ATACXX
12	/scratch/cgsb/gencore/out/Purugganan/2013-08-13_D2CHPACXX
28	/scratch/cgsb/gencore/out/Purugganan/2013-05-28_D27GGACXX
746288	/scratch/cgsb/gencore/out/Purugganan/2017-08-14_BDGGG
328997256	/scratch/cgsb/gencore/out/Purugganan/2019-04-29_CCLM1ACXX
17870556	/scratch/cgsb/gencore/out/Purugganan/2017-09-20_HVHWMBCXY
16	/scratch/cgsb/gencore/out/Purugganan/2013-12-17_C370GACXX
57433340	/scratch/cgsb/gencore/out/Purugganan/2016-05-06_C838DACXX
231985368	/scratch/cgsb/gencore/out/Purugganan/2017-08-18_CAWHCACXX
15113712	/scratch/cgsb/gencore/out/Purugganan/2017-06-09_HNTYTBGX2
277643496	/scratch/cgsb/gencore/out/Purugganan/2019-04-05_CBY82ACXX
1588	/scratch/cgsb/gencore/out/Purugganan/2014-04-24_AH80YBADXX
14466448	/scratch/cgsb/gencore/out/Purugganan/2017-05-22_HKJ5TBGX2-raw
32	/scratch/cgsb/gencore/out/Purugganan/2013-07-30_D21CHACXX
216	/scratch/cgsb/gencore/out/Purugganan/2014-04-09_C3UTAACXX
7052188	/scratch/cgsb/gencore/out/Purugganan/2017-05-22_HKJ5TBGX2-filtered
14665236	/scratch/cgsb/gencore/out/Purugganan/2017-10-17_HMTYCBGX3
12829996	/scratch/cgsb/gencore/out/Purugganan/2017-10-31_HVY3KBCXY
18477980	/scratch/cgsb/gencore/out/Purugganan/2017-11-17_HMHTMBGX3
112	/scratch/cgsb/gencore/out/Purugganan/2014-03-26_H9558ADXX
11495652	/scratch/cgsb/gencore/out/Purugganan/2017-10-11_HL327BGX3
15146784	/scratch/cgsb/gencore/out/Purugganan/2017-10-09_HGMHHBGX3
20167544	/scratch/cgsb/gencore/out/Purugganan/2015-03-17_H2TW2BCXX
158991328	/scratch/cgsb/gencore/out/Purugganan/2016-10-13_C98UFACXX
48402256	/scratch/cgsb/gencore/out/Purugganan/H80YBADXX
39347200	/scratch/cgsb/gencore/out/Purugganan/2019-05-15_HT5YKBCX2
8	/scratch/cgsb/gencore/out/Purugganan/2012-05-21_D0VUCACXX
32	/scratch/cgsb/gencore/out/Purugganan/2013-07-23_C2B7LACXX
15220796	/scratch/cgsb/gencore/out/Purugganan/2017-10-13_HKWKVBGX3
12	/scratch/cgsb/gencore/out/Purugganan/2013-03-19_C1GMUACXX
18460380	/scratch/cgsb/gencore/out/Purugganan/2017-10-17_HMVKTBGX3
32	/scratch/cgsb/gencore/out/Purugganan/2013-05-28_C29PHACXX
4116789504	/scratch/cgsb/gencore/out/Purugganan
8	/scratch/cgsb/gencore/out/Vogel/2012-10-08_D1FD0ACXX
514304	/scratch/cgsb/gencore/out/Vogel/2014-06-11_A9GDG
284336	/scratch/cgsb/gencore/out/Vogel/2015-09-15_AHBE6
14832376	/scratch/cgsb/gencore/out/Vogel/2017-07-25_H3T3WBGX3
10895192	/scratch/cgsb/gencore/out/Vogel/2017-08-25_HGVK2BGX3
645936	/scratch/cgsb/gencore/out/Vogel/2015-08-04_AH0J7
18117564	/scratch/cgsb/gencore/out/Vogel/2015-10-23_C7KCWACXX
45289720	/scratch/cgsb/gencore/out/Vogel
4279956	/scratch/cgsb/gencore/out/Rushlow/2014-03-19_C3JLAACXX
12501188	/scratch/cgsb/gencore/out/Rushlow/2015-03-31_C55MVACXX
81091052	/scratch/cgsb/gencore/out/Rushlow/2013-03-04-redo_D1Y56ACXX
81091052	/scratch/cgsb/gencore/out/Rushlow/2013-03-04_D1Y56ACXX
12892040	/scratch/cgsb/gencore/out/Rushlow/2013-07-09_H14WPADXX
16538556	/scratch/cgsb/gencore/out/Rushlow/2013-07-30_D26BJACXX
101159836	/scratch/cgsb/gencore/out/Rushlow/2012-03-05_D0TK1ACXX
8273356	/scratch/cgsb/gencore/out/Rushlow/2014-05-13_C4YARACXX
20	/scratch/cgsb/gencore/out/Rushlow/2012-03-05-no-demux_D0TK1ACXX
317827060	/scratch/cgsb/gencore/out/Rushlow
17630868	/scratch/cgsb/gencore/out/Ercan/2015-05-19_C5WCJACXX
20	/scratch/cgsb/gencore/out/Ercan/2014-10-17_C4YA8ACXX
71954384	/scratch/cgsb/gencore/out/Ercan/2017-12-19_HMYHGBBXX
56359944	/scratch/cgsb/gencore/out/Ercan/2014-03-19_C3JLAACXX
22085928	/scratch/cgsb/gencore/out/Ercan/2012-04-09_C0N5MACXX
50558324	/scratch/cgsb/gencore/out/Ercan/2012-10-08_D1FD0ACXX
21342684	/scratch/cgsb/gencore/out/Ercan/2012-08-20_C166UACXX
37676240	/scratch/cgsb/gencore/out/Ercan/2013-02-21_D1UBYACXX
8243788	/scratch/cgsb/gencore/out/Ercan/2015-08-06_H5C72BCXX
8542064	/scratch/cgsb/gencore/out/Ercan/2015-03-31_C55MVACXX
24304424	/scratch/cgsb/gencore/out/Ercan/2012-12-03_D1F7YACXX
8	/scratch/cgsb/gencore/out/Ercan/2014-05-07_H9G05ADXX
19140732	/scratch/cgsb/gencore/out/Ercan/2016-12-14_H7TNYBGX2
24	/scratch/cgsb/gencore/out/Ercan/2015-01-29_C5HLUACXX
24	/scratch/cgsb/gencore/out/Ercan/2015-02-09_H2K7VBCXX
14876604	/scratch/cgsb/gencore/out/Ercan/2016-06-01_C8CR7ACXX
14546844	/scratch/cgsb/gencore/out/Ercan/2018-11-15_HFLF5BGX9
13958724	/scratch/cgsb/gencore/out/Ercan/2018-07-18_HWK5TBGX5
304	/scratch/cgsb/gencore/out/Ercan/2014-07-09_C4W17ACXX
15685024	/scratch/cgsb/gencore/out/Ercan/2016-12-16_H2GKGBGX2
32161336	/scratch/cgsb/gencore/out/Ercan/2012-01-18_D0GVRACXX
22019688	/scratch/cgsb/gencore/out/Ercan/2012-06-18_C101NACXX
12	/scratch/cgsb/gencore/out/Ercan/2014-11-06-C56P1ACXX
9550948	/scratch/cgsb/gencore/out/Ercan/2015-08-13_H5TT7BCXX
11402660	/scratch/cgsb/gencore/out/Ercan/2016-07-05_H7LCCBGXY
52	/scratch/cgsb/gencore/out/Ercan/2014-08-12_HA430ADXX
35923916	/scratch/cgsb/gencore/out/Ercan/2012-07-30_D17R8ACXX
11937196	/scratch/cgsb/gencore/out/Ercan/2019-03-26_H5NLTBGXB
51903520	/scratch/cgsb/gencore/out/Ercan/2013-07-30_D26BJACXX
1395084	/scratch/cgsb/gencore/out/Ercan/2015-06-09_000000000-AFM8U
45073408	/scratch/cgsb/gencore/out/Ercan/2013-12-17_C2R9TACXX
18801272	/scratch/cgsb/gencore/out/Ercan/2013-05-28_D27GGACXX
16642912	/scratch/cgsb/gencore/out/Ercan/2017-05-23_HKCC7BGX2
13916028	/scratch/cgsb/gencore/out/Ercan/2018-04-24_HVV2GBGX5
51474920	/scratch/cgsb/gencore/out/Ercan/2012-04-13_D0WRWACXX
23406160	/scratch/cgsb/gencore/out/Ercan/2016-03-16_C8C2NACXX
15855264	/scratch/cgsb/gencore/out/Ercan/2013-11-19_C32K5ACXX
44282768	/scratch/cgsb/gencore/out/Ercan/2012-02-20_C0H3UACXX
16740220	/scratch/cgsb/gencore/out/Ercan/2013-06-05_D2AWDACXX
54940936	/scratch/cgsb/gencore/out/Ercan/2016-04-26_H5YVCBGXY
18203016	/scratch/cgsb/gencore/out/Ercan/2013-04-15_C20P0ACXX
24907940	/scratch/cgsb/gencore/out/Ercan/2013-09-25_D27GPACXX
18731628	/scratch/cgsb/gencore/out/Ercan/2014-05-13_C4YARACXX
12	/scratch/cgsb/gencore/out/Ercan/2015-01-16_C5HHJACXX
936177856	/scratch/cgsb/gencore/out/Ercan
19481564	/scratch/cgsb/gencore/out/Coruzzi/2018-02-28_HJJJKBGX5
11621164	/scratch/cgsb/gencore/out/Coruzzi/2016-11-04_HHCMGBGXY
11015820	/scratch/cgsb/gencore/out/Coruzzi/2015-05-19_C5WCJACXX
9078496	/scratch/cgsb/gencore/out/Coruzzi/2016-04-11_HK72VBGXX
18076568	/scratch/cgsb/gencore/out/Coruzzi/2016-05-13_HNC57BGXX
19415884	/scratch/cgsb/gencore/out/Coruzzi/2018-05-10_HW73GBGX5
13600236	/scratch/cgsb/gencore/out/Coruzzi/2018-03-12_HLFNHBGX5
14539792	/scratch/cgsb/gencore/out/Coruzzi/2016-08-03_C841RACXX
13625840	/scratch/cgsb/gencore/out/Coruzzi/2018-11-14_HFKVNBGX9
18576420	/scratch/cgsb/gencore/out/Coruzzi/2017-09-13_H2FMMBGX3
24336256	/scratch/cgsb/gencore/out/Coruzzi/2017-03-30_HGV7YBGX2
14771928	/scratch/cgsb/gencore/out/Coruzzi/2018-10-25_HMN22BGX7
12891736	/scratch/cgsb/gencore/out/Coruzzi/2016-11-11_HJ5H3BGXY
19716680	/scratch/cgsb/gencore/out/Coruzzi/2018-02-06_H2LMCBGX5
20027476	/scratch/cgsb/gencore/out/Coruzzi/2017-03-10_HYMN3BGXY
17403696	/scratch/cgsb/gencore/out/Coruzzi/2018-07-17_HGFFTBGX7
27042936	/scratch/cgsb/gencore/out/Coruzzi/2017-10-27_HWCGNBGX3
17458384	/scratch/cgsb/gencore/out/Coruzzi/2018-03-01_HJJT3BGX5
13191892	/scratch/cgsb/gencore/out/Coruzzi/2015-03-31_C55MVACXX
23651044	/scratch/cgsb/gencore/out/Coruzzi/2016-03-03_HN3L7BGXX
8	/scratch/cgsb/gencore/out/Coruzzi/2012-12-03_D1F7YACXX
24638332	/scratch/cgsb/gencore/out/Coruzzi/2018-07-31_HWCMHBGX5
12272144	/scratch/cgsb/gencore/out/Coruzzi/2016-11-02_HLNWTBGXY
4581988	/scratch/cgsb/gencore/out/Coruzzi/2016-06-28_H7T3CAFXX
32418352	/scratch/cgsb/gencore/out/Coruzzi/2015-01-29_C5HLUACXX
27767252	/scratch/cgsb/gencore/out/Coruzzi/2015-09-25_C7W8DACXX
5742084	/scratch/cgsb/gencore/out/Coruzzi/2017-06-08_HMY52BGX2
13649936	/scratch/cgsb/gencore/out/Coruzzi/2019-03-19_H2YNTBGXB
13031344	/scratch/cgsb/gencore/out/Coruzzi/2016-09-16_HL7Y3BGXY
18569908	/scratch/cgsb/gencore/out/Coruzzi/2017-03-16_HYJKMBGXY
14056240	/scratch/cgsb/gencore/out/Coruzzi/2018-03-08_HJJ75BGX5
17918868	/scratch/cgsb/gencore/out/Coruzzi/2018-10-30_HVC57BGX7
14091420	/scratch/cgsb/gencore/out/Coruzzi/2017-03-09_HYFNLBGXY
34927004	/scratch/cgsb/gencore/out/Coruzzi/2016-12-05_H5NFLBGXY
22940460	/scratch/cgsb/gencore/out/Coruzzi/2017-09-06_HVTL7BGX2
20709272	/scratch/cgsb/gencore/out/Coruzzi/2015-08-18_C7D1TACXX
20643252	/scratch/cgsb/gencore/out/Coruzzi/2018-03-01_HJJH3BGX5
15262424	/scratch/cgsb/gencore/out/Coruzzi/2018-07-18_HY7YMBGX5
4154688	/scratch/cgsb/gencore/out/Coruzzi/2016-07-14_H7JJTBGXY
15061508	/scratch/cgsb/gencore/out/Coruzzi/2018-04-05_HLNNLBGX5
9016696	/scratch/cgsb/gencore/out/Coruzzi/2018-11-15_HFKN2BGX9
14738288	/scratch/cgsb/gencore/out/Coruzzi/2019-01-18_HGGLTBGX9
8664008	/scratch/cgsb/gencore/out/Coruzzi/2017-03-03_HHM3YBGX2
14765860	/scratch/cgsb/gencore/out/Coruzzi/2017-04-18_H5HVHBGX2
14377684	/scratch/cgsb/gencore/out/Coruzzi/2019-02-12_HTVC5BGX9
16230176	/scratch/cgsb/gencore/out/Coruzzi/2016-04-28_H7237BGXY
14970848	/scratch/cgsb/gencore/out/Coruzzi/2018-12-20_HGKKNBGX9
19455732	/scratch/cgsb/gencore/out/Coruzzi/2018-01-24_HF7VNBGX5
19130568	/scratch/cgsb/gencore/out/Coruzzi/2016-06-29_H7L3YBGXY
19774984	/scratch/cgsb/gencore/out/Coruzzi/2018-07-12_HH5CFBGX7
13706564	/scratch/cgsb/gencore/out/Coruzzi/2016-12-19_H2WLMBGX2
45589540	/scratch/cgsb/gencore/out/Coruzzi/2017-04-18_C98KBACXX
8539884	/scratch/cgsb/gencore/out/Coruzzi/2017-03-03_H5LWJBCXY
15021912	/scratch/cgsb/gencore/out/Coruzzi/2018-01-24_HWNG7BGX3
22503360	/scratch/cgsb/gencore/out/Coruzzi/2017-03-31_HGVJGBGX2
8	/scratch/cgsb/gencore/out/Coruzzi/2015-03-05_C572CACXX
14715340	/scratch/cgsb/gencore/out/Coruzzi/2017-01-12_HGCM3BGX2
12901728	/scratch/cgsb/gencore/out/Coruzzi/2016-11-08_HHC2KBGXY
16294564	/scratch/cgsb/gencore/out/Coruzzi/2017-03-30_HGVKWBGX2
21271392	/scratch/cgsb/gencore/out/Coruzzi/2018-06-01_HVT5JBGX5
8633496	/scratch/cgsb/gencore/out/Coruzzi/2017-10-06_HKVL7BGX3
8609752	/scratch/cgsb/gencore/out/Coruzzi/2016-10-21_HL7MJBGXY
15271820	/scratch/cgsb/gencore/out/Coruzzi/2016-10-03_HKNHCBGXY
14814680	/scratch/cgsb/gencore/out/Coruzzi/2018-07-02_H3KCTBGX7
13108156	/scratch/cgsb/gencore/out/Coruzzi/2017-09-12_HKWY5BGX3
30390560	/scratch/cgsb/gencore/out/Coruzzi/2017-04-06_HKFFYBGX2
12205404	/scratch/cgsb/gencore/out/Coruzzi/2016-04-22_HK733BGXX
14943744	/scratch/cgsb/gencore/out/Coruzzi/2017-04-07_H5GGKBGX2
12119560	/scratch/cgsb/gencore/out/Coruzzi/2018-05-04_HVG5MBGX5
12627772	/scratch/cgsb/gencore/out/Coruzzi/2018-03-12_HMCN3BGX5
52746256	/scratch/cgsb/gencore/out/Coruzzi/2017-04-13_C99B1ACXX
23379160	/scratch/cgsb/gencore/out/Coruzzi/2016_01_21_C7KY3ACXX
25485348	/scratch/cgsb/gencore/out/Coruzzi/2016-08-09_HFWHCBGXY
125186232	/scratch/cgsb/gencore/out/Coruzzi/2015-06-05_C5B16ACXX
38207080	/scratch/cgsb/gencore/out/Coruzzi/2018-08-31_HH2GFBGX7
12574636	/scratch/cgsb/gencore/out/Coruzzi/2019-04-16_H7K37BGXB
7273876	/scratch/cgsb/gencore/out/Coruzzi/2018-11-09_HFKW7BGX9
16202648	/scratch/cgsb/gencore/out/Coruzzi/2015-07-22_C7D4YACXX
8	/scratch/cgsb/gencore/out/Coruzzi/2014-12-04_HAURNADXX
13873656	/scratch/cgsb/gencore/out/Coruzzi/2017-03-24_HGJJWBCXY
29817576	/scratch/cgsb/gencore/out/Coruzzi/2017-10-27_HWCGKBGX3
16380076	/scratch/cgsb/gencore/out/Coruzzi/2018-08-24_HH2TCBGX7
12198448	/scratch/cgsb/gencore/out/Coruzzi/2018-07-11_HVF5GBGX5
18812200	/scratch/cgsb/gencore/out/Coruzzi/2018-11-09_HFJNKBGX9
28384100	/scratch/cgsb/gencore/out/Coruzzi/2017-01-27_HGHGWBGX2
17230868	/scratch/cgsb/gencore/out/Coruzzi/2017-06-21_HTWKVBGX2
4745472	/scratch/cgsb/gencore/out/Coruzzi/2017-10-20_HL2YMBGX3
84	/scratch/cgsb/gencore/out/Coruzzi/2014-09-24_000000000-AAK03
17024880	/scratch/cgsb/gencore/out/Coruzzi/2017-01-30_HGGHHBGX2
12469560	/scratch/cgsb/gencore/out/Coruzzi/2017-09-20_H2FN2BGX3
18783284	/scratch/cgsb/gencore/out/Coruzzi/2018-04-27_HVHYTBGX5
2580140	/scratch/cgsb/gencore/out/Coruzzi/2014-06-06_A8P33
50542208	/scratch/cgsb/gencore/out/Coruzzi/2017-04-13_C8PYJACXX
16246864	/scratch/cgsb/gencore/out/Coruzzi/2016-07-06_H7KMHBGXY
9075820	/scratch/cgsb/gencore/out/Coruzzi/2017-04-05_HJWYGBGX2
17865792	/scratch/cgsb/gencore/out/Coruzzi/2016-06-21_H5FM3BGXY
36186068	/scratch/cgsb/gencore/out/Coruzzi/2016-05-06_C838DACXX
20771476	/scratch/cgsb/gencore/out/Coruzzi/2018-06-13_HW2NGBGX5
19211740	/scratch/cgsb/gencore/out/Coruzzi/2016-03-08_HYJ7LBGXX
20474208	/scratch/cgsb/gencore/out/Coruzzi/2018-11-28_HG7FMBGX9
11510208	/scratch/cgsb/gencore/out/Coruzzi/2018-04-13_HLTFNBGX5
12845492	/scratch/cgsb/gencore/out/Coruzzi/2016-05-10_HN7YMBGXX
19036164	/scratch/cgsb/gencore/out/Coruzzi/2018-03-09_HC22WBGX5
19263864	/scratch/cgsb/gencore/out/Coruzzi/2016-04-25_H5YHGBGXY
16436000	/scratch/cgsb/gencore/out/Coruzzi/2016-12-16_H2WHCBGX2
19602040	/scratch/cgsb/gencore/out/Coruzzi/2015-10-23_C7KCWACXX
10648864	/scratch/cgsb/gencore/out/Coruzzi/2018-07-11_HVFY7BGX5
16413264	/scratch/cgsb/gencore/out/Coruzzi/2017-03-02_HFNNGBGX2
22821692	/scratch/cgsb/gencore/out/Coruzzi/2019-02-19_HWHMVBGX9
13877492	/scratch/cgsb/gencore/out/Coruzzi/2018-06-19_H3VLHAFXY
14561868	/scratch/cgsb/gencore/out/Coruzzi/2016-10-04_HL7VKBGXY
18931264	/scratch/cgsb/gencore/out/Coruzzi/2017-10-31_HN37TBGX3
30006348	/scratch/cgsb/gencore/out/Coruzzi/2017-01-17_HGHTTBGX2
21366680	/scratch/cgsb/gencore/out/Coruzzi/2018-07-17_HGG2LBGX7
19581992	/scratch/cgsb/gencore/out/Coruzzi/2019-01-15_HGMG7BGX9
17156184	/scratch/cgsb/gencore/out/Coruzzi/2017-02-24_HFJJCBGX2
20344224	/scratch/cgsb/gencore/out/Coruzzi/2018-08-24_HHL33BGX7
65751340	/scratch/cgsb/gencore/out/Coruzzi/2018-09-19_HMGFWBGX7
20005728	/scratch/cgsb/gencore/out/Coruzzi/2017-06-21_HMNGTBGX2
5988172	/scratch/cgsb/gencore/out/Coruzzi/2016-05-19_HNC35BGXX
22611400	/scratch/cgsb/gencore/out/Coruzzi/2018-09-07_HGLF5BGX7
20963308	/scratch/cgsb/gencore/out/Coruzzi/2018-04-05_HLWCYBGX5
13411024	/scratch/cgsb/gencore/out/Coruzzi/2018-01-22_H3GCWBGX5
19128784	/scratch/cgsb/gencore/out/Coruzzi/2017-07-24_HWVGNBGX2
24366824	/scratch/cgsb/gencore/out/Coruzzi/2017-06-16_HMLJNBGX2
28097092	/scratch/cgsb/gencore/out/Coruzzi/2015-11-11_C7KGBACXX
19270428	/scratch/cgsb/gencore/out/Coruzzi/2016-05-10_HN7MLBGXX
8	/scratch/cgsb/gencore/out/Coruzzi/2015-01-16_C5HHJACXX
2364081900	/scratch/cgsb/gencore/out/Coruzzi
5456484	/scratch/cgsb/gencore/out/Core/2019-03-29_HTKZQN1rc
70313584	/scratch/cgsb/gencore/out/Core/2018-04-25_HNFV7BGX5
8640840	/scratch/cgsb/gencore/out/Core/2019-03-06_BMH6J
2599620	/scratch/cgsb/gencore/out/Core/2017-03-10_ANUJL
68043876	/scratch/cgsb/gencore/out/Core/2018-04-25_HNYJ5BGX5
155054408	/scratch/cgsb/gencore/out/Core
8	/scratch/cgsb/gencore/out/Scicchitano/2013-09-17_H7D3MADXX
38970444	/scratch/cgsb/gencore/out/Scicchitano/2011-12-05_D03NWACXX
108	/scratch/cgsb/gencore/out/Scicchitano/2014-09-24_C51F4ACXX
38970564	/scratch/cgsb/gencore/out/Scicchitano
12	/scratch/cgsb/gencore/out/Rockman/2013-06-19_L5L6L7_normal_demux_C29KEACXX
5968176	/scratch/cgsb/gencore/out/Rockman/2018-04-20_H2FCFAFXY
3661140	/scratch/cgsb/gencore/out/Rockman/2016-11-22_H7KKKBGXY
57680000	/scratch/cgsb/gencore/out/Rockman/2016-03-10_H7NV2AFXX
16	/scratch/cgsb/gencore/out/Rockman/2012-02-06_D0R4EACXX
31185176	/scratch/cgsb/gencore/out/Rockman/2018-05-03_HLNVLBGX5
51607428	/scratch/cgsb/gencore/out/Rockman/2013-09-17_H7D3MADXX
4	/scratch/cgsb/gencore/out/Rockman/mkdir
700	/scratch/cgsb/gencore/out/Rockman/2014-09-24_C4MVUACXX_dual
8	/scratch/cgsb/gencore/out/Rockman/2012-02-06_C0HYHACXX
3664416	/scratch/cgsb/gencore/out/Rockman/2017-03-01_HJNLLAFXX
278977112	/scratch/cgsb/gencore/out/Rockman/2013-08-27_D2C1VACXX
12	/scratch/cgsb/gencore/out/Rockman/141205_SN911_0240_AHBGGUADXX
8	/scratch/cgsb/gencore/out/Rockman/2018-08-16_HGNGVBGX7
19500436	/scratch/cgsb/gencore/out/Rockman/2018-12-04_HGCFKBGX9
7107228	/scratch/cgsb/gencore/out/Rockman/2018-07-03_HVF55BGX5
8	/scratch/cgsb/gencore/out/Rockman/2014-12-04_HAURNADXX
44	/scratch/cgsb/gencore/out/Rockman/2014-09-24_C4MVUACXX_single
16179988	/scratch/cgsb/gencore/out/Rockman/2017-02-22_H55C2BGX2
10802516	/scratch/cgsb/gencore/out/Rockman/2017-02-28_HK3FCAFXX
20	/scratch/cgsb/gencore/out/Rockman/2013-06-19_L3-fixed_C29KEACXX
12	/scratch/cgsb/gencore/out/Rockman/2012-03-05_D0TK1ACXX
19833520	/scratch/cgsb/gencore/out/Rockman/2018-09-14_HMWC2BGX7
8	/scratch/cgsb/gencore/out/Rockman/2013-06-19_L8_demux_C29KEACXX
16	/scratch/cgsb/gencore/out/Rockman/2012-05-21_D0VUCACXX
32	/scratch/cgsb/gencore/out/Rockman/2013-08-27-fixed_D2C1VACXX
28644956	/scratch/cgsb/gencore/out/Rockman/2018-01-17_H3G35BGX5
8	/scratch/cgsb/gencore/out/Rockman/2013-06-19_L5_ALL_BIOO_C29KEACXX
30310584	/scratch/cgsb/gencore/out/Rockman/2018-05-21_HVKKNBGX5
565123588	/scratch/cgsb/gencore/out/Rockman
5391464	/scratch/cgsb/gencore/out/Hochwagen/2017-01-26_HFKCHAFXX
5275232	/scratch/cgsb/gencore/out/Hochwagen/2018-05-14_H2L35AFXY
16	/scratch/cgsb/gencore/out/Hochwagen/2014-10-17_C4YA8ACXX
8	/scratch/cgsb/gencore/out/Hochwagen/2014-03-19_C3JLAACXX
5668048	/scratch/cgsb/gencore/out/Hochwagen/2017-04-25_HJYMHAFXX
8929492	/scratch/cgsb/gencore/out/Hochwagen/2018-01-16_HWKGGAFXX
11136644	/scratch/cgsb/gencore/out/Hochwagen/2018-04-04_HWV57AFXX
8	/scratch/cgsb/gencore/out/Hochwagen/2013-10-31_H7DW1ADXX
8	/scratch/cgsb/gencore/out/Hochwagen/2012-12-03_D1F7YACXX
8	/scratch/cgsb/gencore/out/Hochwagen/2014-05-07_H9G05ADXX
22223568	/scratch/cgsb/gencore/out/Hochwagen/2016-06-01_C8CR7ACXX
13372660	/scratch/cgsb/gencore/out/Hochwagen/2015-08-18_C7D1TACXX
7633372	/scratch/cgsb/gencore/out/Hochwagen/2017-12-07_HJCFYBCXY
6042480	/scratch/cgsb/gencore/out/Hochwagen/2017-08-30_HNKF3AFXX
11088120	/scratch/cgsb/gencore/out/Hochwagen/2018-05-30_H2KT5AFXY
5588448	/scratch/cgsb/gencore/out/Hochwagen/2018-05-15_H2L3KAFXY
5851868	/scratch/cgsb/gencore/out/Hochwagen/2017-11-15_HVH7LAFXX
9993748	/scratch/cgsb/gencore/out/Hochwagen/2018-01-08_HVHMTAFXX
8989060	/scratch/cgsb/gencore/out/Hochwagen/2018-02-07_HWV77AFXX
5545188	/scratch/cgsb/gencore/out/Hochwagen/2019-01-30_HFY77AFXY
5882396	/scratch/cgsb/gencore/out/Hochwagen/2017-02-03_H7V7CAFXX
7813788	/scratch/cgsb/gencore/out/Hochwagen/2016-09-21_HJKYNBCXX
15200660	/scratch/cgsb/gencore/out/Hochwagen/2015-04-24_C5726ACXX
11413480	/scratch/cgsb/gencore/out/Hochwagen/2018-10-30_H5FFNAFXY
12001908	/scratch/cgsb/gencore/out/Hochwagen/2018-07-12_H3TN2AFXY
10787648	/scratch/cgsb/gencore/out/Hochwagen/2017-12-20_HW373AFXX
9550964	/scratch/cgsb/gencore/out/Hochwagen/2015-08-13_H5TT7BCXX
4663752	/scratch/cgsb/gencore/out/Hochwagen/2017-11-08_HTCTCAFXX
5014824	/scratch/cgsb/gencore/out/Hochwagen/2018-01-18_HWKFWAFXX
55646308	/scratch/cgsb/gencore/out/Hochwagen/2016-02-19_HHFCMBCXX
7413056	/scratch/cgsb/gencore/out/Hochwagen/2017-08-17_HN3C3AFXX
1866480	/scratch/cgsb/gencore/out/Hochwagen/2015-07-22_C7D4YACXX
5109496	/scratch/cgsb/gencore/out/Hochwagen/2017-04-06_HJHJYBCXY
10186284	/scratch/cgsb/gencore/out/Hochwagen/2017-07-06_HLYHHAFXX
9926784	/scratch/cgsb/gencore/out/Hochwagen/2017-03-15_H5M3MBCXY
8759112	/scratch/cgsb/gencore/out/Hochwagen/2018-03-06_HYJGYAFXX
22762120	/scratch/cgsb/gencore/out/Hochwagen/2016-03-16_C8C2NACXX
18216736	/scratch/cgsb/gencore/out/Hochwagen/2018-03-27_HW5G7AFXX
7081304	/scratch/cgsb/gencore/out/Hochwagen/2017-11-15_HVJH5AFXX
12	/scratch/cgsb/gencore/out/Hochwagen/2015-01-12_HF7C2ADXX
8	/scratch/cgsb/gencore/out/Hochwagen/2013-06-05_D2AWDACXX
12419020	/scratch/cgsb/gencore/out/Hochwagen/2017-10-12_HNKY2AFXX
5446996	/scratch/cgsb/gencore/out/Hochwagen/2017-12-20_HW22FAFXX
8547000	/scratch/cgsb/gencore/out/Hochwagen/2018-03-06_HYKCJAFXX
12	/scratch/cgsb/gencore/out/Hochwagen/2014-04-01_H97GRADXX
5094328	/scratch/cgsb/gencore/out/Hochwagen/2017-08-17_HN2LKAFXX
8	/scratch/cgsb/gencore/out/Hochwagen/2013-09-25_D27GPACXX
5272116	/scratch/cgsb/gencore/out/Hochwagen/2015-11-11_C7KGBACXX
398806044	/scratch/cgsb/gencore/out/Hochwagen
13153016	/scratch/cgsb/gencore/out/Christiaen/2017-10-31_HMVK3AFXX
19351788	/scratch/cgsb/gencore/out/Christiaen/2016-06-20_HJ5TMBCXX
82438188	/scratch/cgsb/gencore/out/Christiaen/2017-11-10_CAWVTACXX
146661576	/scratch/cgsb/gencore/out/Christiaen/2017-08-08_HTMNWBCXY
17400252	/scratch/cgsb/gencore/out/Christiaen/2016-12-21_H5WJNBCXY
41527644	/scratch/cgsb/gencore/out/Christiaen/2017-06-28_CA4RDACXX
8	/scratch/cgsb/gencore/out/Christiaen/2015-01-29_C5HLUACXX
6091172	/scratch/cgsb/gencore/out/Christiaen/2015-09-25_C7W8DACXX
10583608	/scratch/cgsb/gencore/out/Christiaen/2015-11-09_HCM7MBCXX
7521756	/scratch/cgsb/gencore/out/Christiaen/2017-11-01_HMVKFAFXX
57927828	/scratch/cgsb/gencore/out/Christiaen/2017-07-27_HY7YJBGX2
14360872	/scratch/cgsb/gencore/out/Christiaen/2017-07-13_HJGFVAFXX
9929460	/scratch/cgsb/gencore/out/Christiaen/2017-11-21_HV5NCAFXX
12	/scratch/cgsb/gencore/out/Christiaen/2013-10-31_H7D22ADXX
16	/scratch/cgsb/gencore/out/Christiaen/2012-09-10_C0MK8ACXX
8	/scratch/cgsb/gencore/out/Christiaen/2014-11-06-C56P1ACXX
12	/scratch/cgsb/gencore/out/Christiaen/2015-03-05_C572CACXX
19611952	/scratch/cgsb/gencore/out/Christiaen/2015-04-24_C5726ACXX
13444708	/scratch/cgsb/gencore/out/Christiaen/2015-04-17_H3NH5BCXX
15791748	/scratch/cgsb/gencore/out/Christiaen/2015-08-13_H5TT7BCXX
16537592	/scratch/cgsb/gencore/out/Christiaen/2019-05-14_HKTFHAFXY
12271504	/scratch/cgsb/gencore/out/Christiaen/2015-07-21_HBB8TADXX
14085816	/scratch/cgsb/gencore/out/Christiaen/2015-07-22_C7D4YACXX
17251296	/scratch/cgsb/gencore/out/Christiaen/2017-07-26_HN7CKAFXX
13003864	/scratch/cgsb/gencore/out/Christiaen/2019-04-16_HKFW7AFXY
8557780	/scratch/cgsb/gencore/out/Christiaen/2017-06-28_HKHMWAFXX
73986512	/scratch/cgsb/gencore/out/Christiaen/2017-12-18_HYTFNBCXY
7021520	/scratch/cgsb/gencore/out/Christiaen/2016-08-22_HWT5WBCXX
12316300	/scratch/cgsb/gencore/out/Christiaen/2015-03-19_H2NG5BCXX
32	/scratch/cgsb/gencore/out/Christiaen/2014-09-24_C51F4ACXX
26361400	/scratch/cgsb/gencore/out/Christiaen/2017-04-04_HKCHCBCXY
8	/scratch/cgsb/gencore/out/Christiaen/2015-01-16_C5HHJACXX
26797544	/scratch/cgsb/gencore/out/Christiaen/2019-01-31_HFYGCAFXY
703986796	/scratch/cgsb/gencore/out/Christiaen
3115736	/scratch/cgsb/gencore/out/Blau/2018-08-02_H3VNWAFXY
1358596	/scratch/cgsb/gencore/out/Blau/2014-07-31_AAJUE
1845932	/scratch/cgsb/gencore/out/Blau/2019-03-14_HHLM5AFXY
1454428	/scratch/cgsb/gencore/out/Blau/2018-07-25_H3W35AFXY
18478532	/scratch/cgsb/gencore/out/Blau/2017-12-22_HW3HFAFXX
27223284	/scratch/cgsb/gencore/out/Blau/2017-12-21_HW32WAFXX
1995156	/scratch/cgsb/gencore/out/Blau/2019-03-14_HGTYHAFXY
31320092	/scratch/cgsb/gencore/out/Blau/2018-05-03_HG5M3BCX2
44	/scratch/cgsb/gencore/out/Blau/2014-09-24_C4MVUACXX_single
9866136	/scratch/cgsb/gencore/out/Blau/2018-05-08_H32MNAFXY
10097740	/scratch/cgsb/gencore/out/Blau/2018-05-03_H27VGAFXY
106755680	/scratch/cgsb/gencore/out/Blau
12	/scratch/cgsb/gencore/out/Gunsalus/2012-12-03_C1ECCACXX
12	/scratch/cgsb/gencore/out/Gunsalus/2012-02-06_C0HYHACXX
8	/scratch/cgsb/gencore/out/Gunsalus/2013-11-26_H7DRKADXX
8	/scratch/cgsb/gencore/out/Gunsalus/2012-03-05_D0TK1ACXX
44	/scratch/cgsb/gencore/out/Gunsalus
75732844	/scratch/cgsb/gencore/out/Fitch/2016-09-30_HWYLGBCXX
18124116	/scratch/cgsb/gencore/out/Fitch/2019-05-16_HL2HVAFXY
72792360	/scratch/cgsb/gencore/out/Fitch/2018-09-10_HGTGFBGX7
166649324	/scratch/cgsb/gencore/out/Fitch
7392732	/scratch/cgsb/gencore/out/Li/2015-08-18_C7D1TACXX
7392736	/scratch/cgsb/gencore/out/Li
18057704	/scratch/cgsb/gencore/out/Mazzoni/2015-05-19_C5WCJACXX
17732124	/scratch/cgsb/gencore/out/Mazzoni/2018-10-26_HV3T2BGX7
8	/scratch/cgsb/gencore/out/Mazzoni/2014-03-12_C3RDGACXX
34146060	/scratch/cgsb/gencore/out/Mazzoni/2017-07-14_HVKFHBGX2
17387532	/scratch/cgsb/gencore/out/Mazzoni/2019-05-09_HF7M2BGXB
18417652	/scratch/cgsb/gencore/out/Mazzoni/2018-01-23_H3FWTBGX5
21896736	/scratch/cgsb/gencore/out/Mazzoni/2015-03-31_C55MVACXX
19725128	/scratch/cgsb/gencore/out/Mazzoni/2016-07-20_H7JJJBGXY
495464	/scratch/cgsb/gencore/out/Mazzoni/2018-03-02_BDTBB
16905620	/scratch/cgsb/gencore/out/Mazzoni/2015-09-25_C7W8DACXX
15845848	/scratch/cgsb/gencore/out/Mazzoni/2017-07-25_HWFTLBGX2
6318412	/scratch/cgsb/gencore/out/Mazzoni/2016-06-01_C8CR7ACXX
63798312	/scratch/cgsb/gencore/out/Mazzoni/2018-07-20_HTV3TBGX5
19200672	/scratch/cgsb/gencore/out/Mazzoni/2018-07-26_HWLMWBGX5
52	/scratch/cgsb/gencore/out/Mazzoni/2014-07-09_C4W17ACXX
11359136	/scratch/cgsb/gencore/out/Mazzoni/2016-02-18_HNHJVBGXX
16740256	/scratch/cgsb/gencore/out/Mazzoni/2017-07-21_H7KNHBGX3
35237684	/scratch/cgsb/gencore/out/Mazzoni/2018-10-18_HMML7BGX7
8409272	/scratch/cgsb/gencore/out/Mazzoni/2016-11-03_HVLTKBGXY
52	/scratch/cgsb/gencore/out/Mazzoni/2014-08-05_H9KMLADXX
10953180	/scratch/cgsb/gencore/out/Mazzoni/2017-02-10_H2GJMBGX2
14955536	/scratch/cgsb/gencore/out/Mazzoni/2016-11-21_HFW7KBGXY
5134704	/scratch/cgsb/gencore/out/Mazzoni/2016-07-11_HFCJ7BCXX
8	/scratch/cgsb/gencore/out/Mazzoni/2014-11-06-C56P1ACXX
31510044	/scratch/cgsb/gencore/out/Mazzoni/2019-02-15_HTTGHBGX9
5591364	/scratch/cgsb/gencore/out/Mazzoni/2015-11-24_H3WLMAFXX
21065776	/scratch/cgsb/gencore/out/Mazzoni/2017-11-09_HMKLYBGX3
12438092	/scratch/cgsb/gencore/out/Mazzoni/2016-10-13_HL7T3BGXY
15841944	/scratch/cgsb/gencore/out/Mazzoni/2017-10-24_HKW5JBGX3
16159244	/scratch/cgsb/gencore/out/Mazzoni/2016_01_21_C7KY3ACXX
13691092	/scratch/cgsb/gencore/out/Mazzoni/2017-04-03_HJY7YBGX2
19812996	/scratch/cgsb/gencore/out/Mazzoni/2019-05-29_HGKGNBGXB
17951268	/scratch/cgsb/gencore/out/Mazzoni/2018-12-12_HGHCCBGX9
15333368	/scratch/cgsb/gencore/out/Mazzoni/2017-10-24_HL2NTBGX3
21721384	/scratch/cgsb/gencore/out/Mazzoni/2018-09-20_HHJCJBGX7
12242696	/scratch/cgsb/gencore/out/Mazzoni/2017-05-18_HKFN7BGX2
56	/scratch/cgsb/gencore/out/Mazzoni/2014-09-24_HABDFADXX
5224452	/scratch/cgsb/gencore/out/Mazzoni/2016-03-17_H5HGTAFXX
18426352	/scratch/cgsb/gencore/out/Mazzoni/2019-02-15_HTNW7BGX9
19233268	/scratch/cgsb/gencore/out/Mazzoni/2017-12-11_H5CL7BGX5
17402892	/scratch/cgsb/gencore/out/Mazzoni/2019-02-08_HTTKYBGX9
38741120	/scratch/cgsb/gencore/out/Mazzoni/2018-10-05_HG5YYBGX7
19307588	/scratch/cgsb/gencore/out/Mazzoni/2018-05-07_HWTTCBGX5
20823988	/scratch/cgsb/gencore/out/Mazzoni/2019-03-15_H2YVKBGXB
13191772	/scratch/cgsb/gencore/out/Mazzoni/2017-04-19_H5JK3BGX2
34498988	/scratch/cgsb/gencore/out/Mazzoni/2018-04-06_HLVVFBGX5
12985424	/scratch/cgsb/gencore/out/Mazzoni/2015-04-03_H23NVBCXX
20500100	/scratch/cgsb/gencore/out/Mazzoni/2019-05-24_HFLKTBGXB
52	/scratch/cgsb/gencore/out/Mazzoni/2014-09-24_C51F4ACXX
19323608	/scratch/cgsb/gencore/out/Mazzoni/2018-11-02_HVCHFBGX7
15198424	/scratch/cgsb/gencore/out/Mazzoni/2018-03-08_HJJ5VBGX5
12089320	/scratch/cgsb/gencore/out/Mazzoni/2016-08-04_HFCWMBGXY
5743024	/scratch/cgsb/gencore/out/Mazzoni/2015-11-11_C7KGBACXX
16	/scratch/cgsb/gencore/out/Mazzoni/2014-05-13_C4YARACXX
16	/scratch/cgsb/gencore/out/Mazzoni/2015-01-16_C5HHJACXX
848766884	/scratch/cgsb/gencore/out/Mazzoni
22338554192	/scratch/cgsb/gencore/out/
